,Số báo danh,Cụm thi,Toán,Ngữ văn,Ngoại ngữ,Vật lý,Hóa học,Sinh học,Lịch sử,Địa lý,GDCD
0,14006747,14 - Sở GDĐT Sơn La,,,,,,,,,
1,13002827,13 - Sở GDĐT Yên Bái,,1.25,,,,,,,
2,04006907,04 - Sở GDĐT Đà Nẵng,,1.50,,,,,,,
3,06000640,06 - Sở GDĐT Cao Bằng,,1.50,,,,,,,
4,15008444,15 - Sở GDĐT Phú Thọ,,1.75,,,,,,,
5,06003079,06 - Sở GDĐT Cao Bằng,,2.00,,,,,,,
6,16004548,16 - Sở GDĐT Vĩnh Phúc,,2.00,,,,,,,
7,09001192,09 - Sở GDĐT Tuyên Quang,,2.25,,,,,,,
8,04001990,04 - Sở GDĐT Đà Nẵng,,2.75,,,,,,,
9,14005142,14 - Sở GDĐT Sơn La,,3.50,,,,,,,
10,04002124,04 - Sở GDĐT Đà Nẵng,,3.75,,,,,,,
11,04007627,04 - Sở GDĐT Đà Nẵng,,5.00,,,,,,,
12,05002611,05 - Sở GDĐT Hà Giang,,5.00,,,,,,,
13,15008999,15 - Sở GDĐT Phú Thọ,,5.25,,,,,,,
14,05001395,05 - Sở GDĐT Hà Giang,,5.50,,,,,,,
15,08003917,08 - Sở GDĐT Lào Cai,,5.50,,,,,,,
16,09003038,09 - Sở GDĐT Tuyên Quang,,5.75,,,,,,,
17,10002557,10 - Sở GDĐT Lạng Sơn,,5.75,,,,,,,
18,13002172,13 - Sở GDĐT Yên Bái,,5.75,,,,,,,
19,10002411,10 - Sở GDĐT Lạng Sơn,,6.00,,,,,,,
20,12008751,12 - Sở GDĐT Thái Nguyên,,6.00,,,,,,,
21,16007477,16 - Sở GDĐT Vĩnh Phúc,,6.00,,,,,,,
22,10004271,10 - Sở GDĐT Lạng Sơn,,6.50,,,,,,,
23,13005337,13 - Sở GDĐT Yên Bái,,6.50,,,,,,,
24,10000451,10 - Sở GDĐT Lạng Sơn,,6.75,,,,,,,
25,12007707,12 - Sở GDĐT Thái Nguyên,,6.75,,,,,,,
26,13006520,13 - Sở GDĐT Yên Bái,,6.75,,,,,,,
27,10008428,10 - Sở GDĐT Lạng Sơn,,7.25,,,,,,,
28,12005059,12 - Sở GDĐT Thái Nguyên,,7.25,,,,,,,
29,16007559,16 - Sở GDĐT Vĩnh Phúc,,7.25,,,,,,,
30,03015139,03 - Sở GDĐT Hải Phòng,,7.50,,,,,,,
31,03022487,03 - Sở GDĐT Hải Phòng,,7.50,,,,,,,
32,09001736,09 - Sở GDĐT Tuyên Quang,,7.50,,,,,,,
33,10008195,10 - Sở GDĐT Lạng Sơn,,7.50,,,,,,,
34,16007555,16 - Sở GDĐT Vĩnh Phúc,,7.50,,,,,,,
35,15011232,15 - Sở GDĐT Phú Thọ,,7.75,,,,,,,
36,12007618,12 - Sở GDĐT Thái Nguyên,,8.00,,,,,,,
37,12008847,12 - Sở GDĐT Thái Nguyên,,8.00,,,,,,,
38,16005092,16 - Sở GDĐT Vĩnh Phúc,,8.00,,,,,,,
39,07003277,07 - Sở GDĐT Lai Châu,,8.25,,,,,,,
40,12011752,12 - Sở GDĐT Thái Nguyên,,8.25,,,,,,,
41,17001821,17 - Sở GDĐT Quảng Ninh,,8.30,,,,,,,
42,15005005,15 - Sở GDĐT Phú Thọ,,8.50,,,,,,,
43,06001729,06 - Sở GDĐT Cao Bằng,2.00,2.25,,,,,,,
44,09003134,09 - Sở GDĐT Tuyên Quang,2.00,3.50,,,,,,,
45,04002596,04 - Sở GDĐT Đà Nẵng,2.40,,,,,,,,
46,12002789,12 - Sở GDĐT Thái Nguyên,2.40,1.50,,,,,,,
47,04003920,04 - Sở GDĐT Đà Nẵng,2.40,2.50,,,,,,,
48,04002746,04 - Sở GDĐT Đà Nẵng,2.60,2.75,,,,,,,
49,08001094,08 - Sở GDĐT Lào Cai,3.00,4.00,,,,,,,
50,11001440,11 - Sở GDĐT Bắc Kạn,3.00,5.00,,,,,,,
51,12007790,12 - Sở GDĐT Thái Nguyên,3.20,2.25,,,,,,,
52,04012120,04 - Sở GDĐT Đà Nẵng,3.20,5.00,,,,,,,
53,16007317,16 - Sở GDĐT Vĩnh Phúc,3.40,,,,,,,,
54,05000464,05 - Sở GDĐT Hà Giang,3.60,3.50,,,,,,,
55,14010772,14 - Sở GDĐT Sơn La,3.80,6.75,,,,,,,
56,14003113,14 - Sở GDĐT Sơn La,4.00,7.00,,,,,,,
57,16004854,16 - Sở GDĐT Vĩnh Phúc,4.60,,,,,,,,
58,04002649,04 - Sở GDĐT Đà Nẵng,4.60,5.00,,,,,,,
59,16008337,16 - Sở GDĐT Vĩnh Phúc,4.80,5.00,,,,,,,
60,04002599,04 - Sở GDĐT Đà Nẵng,5.00,3.50,,,,,,,
61,14005130,14 - Sở GDĐT Sơn La,5.00,7.50,,,,,,,
62,17002114,17 - Sở GDĐT Quảng Ninh,5.20,3.75,,,,,,,
63,04002328,04 - Sở GDĐT Đà Nẵng,5.60,4.50,,,,,,,
64,04004360,04 - Sở GDĐT Đà Nẵng,5.60,6.00,,,,,,,
65,04003441,04 - Sở GDĐT Đà Nẵng,6.60,7.50,,,,,,,
66,05004866,05 - Sở GDĐT Hà Giang,6.60,8.00,,,,,,,
67,04000320,04 - Sở GDĐT Đà Nẵng,6.80,,,,,,,,
68,04006892,04 - Sở GDĐT Đà Nẵng,6.80,,,,,,,,
69,13002839,13 - Sở GDĐT Yên Bái,7.00,6.00,,,,,,,
70,14004851,14 - Sở GDĐT Sơn La,7.20,6.75,,,,,,,
71,07002584,07 - Sở GDĐT Lai Châu,7.40,7.00,,,,,,,
72,11000309,11 - Sở GDĐT Bắc Kạn,7.60,8.25,,,,,,,
73,08004696,08 - Sở GDĐT Lào Cai,7.80,,,,,,,,
74,04006954,04 - Sở GDĐT Đà Nẵng,8.20,,,,,,,,
75,16007616,16 - Sở GDĐT Vĩnh Phúc,8.20,,,,,,,,
76,12007787,12 - Sở GDĐT Thái Nguyên,8.40,8.00,,,,,,,
77,03015512,03 - Sở GDĐT Hải Phòng,8.40,8.25,,,,,,,
78,03022390,03 - Sở GDĐT Hải Phòng,8.60,9.00,,,,,,,
79,17001980,17 - Sở GDĐT Quảng Ninh,2.80,2.00,,,,,1.75,,
80,12013313,12 - Sở GDĐT Thái Nguyên,3.80,4.50,,,,,1.75,,
81,14005258,14 - Sở GDĐT Sơn La,7.40,8.00,,,,,10.0,,
82,08003547,08 - Sở GDĐT Lào Cai,8.40,7.75,,,,,10.0,,
83,08003648,08 - Sở GDĐT Lào Cai,8.40,8.00,,,,,10.0,,
84,11001843,11 - Sở GDĐT Bắc Kạn,9.00,8.75,,,,,10.0,,
85,05004252,05 - Sở GDĐT Hà Giang,2.20,5.50,,,,,2.00,,
86,04012254,04 - Sở GDĐT Đà Nẵng,2.40,5.00,,,,,2.25,,
87,04006835,04 - Sở GDĐT Đà Nẵng,3.40,3.75,,,,,2.25,,
88,12013282,12 - Sở GDĐT Thái Nguyên,3.60,4.25,,,,,2.75,,
89,17002207,17 - Sở GDĐT Quảng Ninh,4.00,1.50,,,,,2.75,,
90,12013508,12 - Sở GDĐT Thái Nguyên,2.80,2.75,,,,,3.00,,
91,16005031,16 - Sở GDĐT Vĩnh Phúc,3.00,3.50,,,,,3.00,,
92,17003198,17 - Sở GDĐT Quảng Ninh,3.20,3.50,,,,,3.00,,
93,04006723,04 - Sở GDĐT Đà Nẵng,6.40,4.25,,,,,3.00,,
94,15014225,15 - Sở GDĐT Phú Thọ,2.80,6.00,,,,,3.25,,
95,16007397,16 - Sở GDĐT Vĩnh Phúc,4.00,6.00,,,,,3.25,,
96,09001751,09 - Sở GDĐT Tuyên Quang,4.60,3.50,,,,,3.25,,
97,08000044,08 - Sở GDĐT Lào Cai,1.80,4.25,,,,,3.50,,
98,11001611,11 - Sở GDĐT Bắc Kạn,2.60,1.75,,,,,3.50,,
99,12005021,12 - Sở GDĐT Thái Nguyên,2.20,4.25,,,,,3.75,,
100,04006641,04 - Sở GDĐT Đà Nẵng,5.60,5.75,,,,,3.75,,
101,09006584,09 - Sở GDĐT Tuyên Quang,1.60,3.25,,,,,4.00,,
102,16004914,16 - Sở GDĐT Vĩnh Phúc,1.60,4.25,,,,,4.00,,
103,16007260,16 - Sở GDĐT Vĩnh Phúc,1.80,3.75,,,,,4.00,,
104,09006470,09 - Sở GDĐT Tuyên Quang,2.60,2.50,,,,,4.00,,
105,16004806,16 - Sở GDĐT Vĩnh Phúc,2.80,3.75,,,,,4.00,,
106,14009939,14 - Sở GDĐT Sơn La,3.60,3.75,,,,,4.00,,
107,09004489,09 - Sở GDĐT Tuyên Quang,3.80,1.75,,,,,4.00,,
108,05004992,05 - Sở GDĐT Hà Giang,3.80,2.25,,,,,4.00,,
109,04006860,04 - Sở GDĐT Đà Nẵng,4.20,5.00,,,,,4.00,,
110,03018793,03 - Sở GDĐT Hải Phòng,4.40,4.25,,,,,4.00,,
111,16004604,16 - Sở GDĐT Vĩnh Phúc,2.40,4.75,,,,,4.25,,
112,06003959,06 - Sở GDĐT Cao Bằng,2.60,4.00,,,,,4.25,,
113,06002274,06 - Sở GDĐT Cao Bằng,3.60,4.00,,,,,4.25,,
114,09001226,09 - Sở GDĐT Tuyên Quang,4.20,5.25,,,,,4.25,,
115,04006798,04 - Sở GDĐT Đà Nẵng,4.40,2.75,,,,,4.25,,
116,04006997,04 - Sở GDĐT Đà Nẵng,,,,,,,4.50,,
117,14011211,14 - Sở GDĐT Sơn La,1.40,3.75,,,,,4.50,,
118,12000568,12 - Sở GDĐT Thái Nguyên,1.80,6.75,,,,,4.50,,
119,04003874,04 - Sở GDĐT Đà Nẵng,2.20,4.50,,,,,4.50,,
120,12012347,12 - Sở GDĐT Thái Nguyên,2.60,5.50,,,,,4.50,,
121,16004575,16 - Sở GDĐT Vĩnh Phúc,3.80,3.50,,,,,4.50,,
122,03018808,03 - Sở GDĐT Hải Phòng,4.00,4.25,,,,,4.50,,
123,04006682,04 - Sở GDĐT Đà Nẵng,4.20,5.50,,,,,4.50,,
124,04006903,04 - Sở GDĐT Đà Nẵng,5.40,3.50,,,,,4.50,,
125,04006301,04 - Sở GDĐT Đà Nẵng,5.40,5.00,,,,,4.50,,
126,13004786,13 - Sở GDĐT Yên Bái,5.40,5.00,,,,,4.50,,
127,03018762,03 - Sở GDĐT Hải Phòng,5.60,4.75,,,,,4.50,,
128,04007617,04 - Sở GDĐT Đà Nẵng,5.80,5.50,,,,,4.50,,
129,12007688,12 - Sở GDĐT Thái Nguyên,6.00,6.50,,,,,4.50,,
130,04006853,04 - Sở GDĐT Đà Nẵng,4.00,5.75,,,,,4.75,,
131,04006883,04 - Sở GDĐT Đà Nẵng,4.40,5.00,,,,,4.75,,
132,09006463,09 - Sở GDĐT Tuyên Quang,5.60,5.00,,,,,4.75,,
133,05001863,05 - Sở GDĐT Hà Giang,2.80,2.25,,,,,5.00,,
134,09006332,09 - Sở GDĐT Tuyên Quang,3.60,5.50,,,,,5.00,,
135,04006768,04 - Sở GDĐT Đà Nẵng,3.80,3.25,,,,,5.00,,
136,14008460,14 - Sở GDĐT Sơn La,3.80,5.50,,,,,5.00,,
137,14001070,14 - Sở GDĐT Sơn La,4.00,7.50,,,,,5.00,,
138,04002725,04 - Sở GDĐT Đà Nẵng,4.20,5.00,,,,,5.00,,
139,14001131,14 - Sở GDĐT Sơn La,6.20,4.50,,,,,5.00,,
140,04006980,04 - Sở GDĐT Đà Nẵng,6.60,5.75,,,,,5.00,,
141,09001272,09 - Sở GDĐT Tuyên Quang,,4.25,,,,,5.25,,
142,13006509,13 - Sở GDĐT Yên Bái,2.60,4.00,,,,,5.25,,
143,03018781,03 - Sở GDĐT Hải Phòng,2.80,6.25,,,,,5.25,,
144,15008045,15 - Sở GDĐT Phú Thọ,3.20,4.50,,,,,5.25,,
145,09006459,09 - Sở GDĐT Tuyên Quang,3.60,3.75,,,,,5.25,,
146,09006275,09 - Sở GDĐT Tuyên Quang,4.80,2.25,,,,,5.25,,
147,15007903,15 - Sở GDĐT Phú Thọ,5.40,5.50,,,,,5.25,,
148,09006337,09 - Sở GDĐT Tuyên Quang,5.40,6.50,,,,,5.25,,
149,15007832,15 - Sở GDĐT Phú Thọ,6.80,6.75,,,,,5.25,,
150,16004981,16 - Sở GDĐT Vĩnh Phúc,4.00,5.50,,,,,5.50,,
151,14004792,14 - Sở GDĐT Sơn La,5.20,4.75,,,,,5.50,,
152,04006884,04 - Sở GDĐT Đà Nẵng,5.80,6.00,,,,,5.50,,
153,16007735,16 - Sở GDĐT Vĩnh Phúc,1.80,6.25,,,,,5.75,,
154,12004429,12 - Sở GDĐT Thái Nguyên,2.80,1.75,,,,,5.75,,
155,09001880,09 - Sở GDĐT Tuyên Quang,4.00,4.75,,,,,5.75,,
156,03018761,03 - Sở GDĐT Hải Phòng,6.00,3.50,,,,,5.75,,
157,16007323,16 - Sở GDĐT Vĩnh Phúc,6.00,7.00,,,,,5.75,,
158,04006995,04 - Sở GDĐT Đà Nẵng,1.80,5.25,,,,,6.00,,
159,06001232,06 - Sở GDĐT Cao Bằng,2.00,4.00,,,,,6.00,,
160,12004402,12 - Sở GDĐT Thái Nguyên,4.40,,,,,,6.00,,
161,06000417,06 - Sở GDĐT Cao Bằng,6.20,,,,,,6.00,,
162,08003866,08 - Sở GDĐT Lào Cai,6.80,5.50,,,,,6.00,,
163,12002800,12 - Sở GDĐT Thái Nguyên,7.20,7.00,,,,,6.00,,
164,12007853,12 - Sở GDĐT Thái Nguyên,,,,,,,6.25,,
165,10002738,10 - Sở GDĐT Lạng Sơn,2.20,6.25,,,,,6.25,,
166,09006657,09 - Sở GDĐT Tuyên Quang,3.40,5.25,,,,,6.25,,
167,13006524,13 - Sở GDĐT Yên Bái,4.60,5.00,,,,,6.25,,
168,16007444,16 - Sở GDĐT Vĩnh Phúc,5.60,6.50,,,,,6.25,,
169,13001670,13 - Sở GDĐT Yên Bái,6.20,4.00,,,,,6.25,,
170,16007688,16 - Sở GDĐT Vĩnh Phúc,6.20,7.50,,,,,6.25,,
171,16007453,16 - Sở GDĐT Vĩnh Phúc,6.40,7.75,,,,,6.25,,
172,14006817,14 - Sở GDĐT Sơn La,6.60,7.25,,,,,6.25,,
173,15007609,15 - Sở GDĐT Phú Thọ,7.60,6.50,,,,,6.25,,
174,14004736,14 - Sở GDĐT Sơn La,2.00,4.00,,,,,6.50,,
175,04006794,04 - Sở GDĐT Đà Nẵng,2.40,3.50,,,,,6.50,,
176,12012019,12 - Sở GDĐT Thái Nguyên,4.00,,,,,,6.50,,
177,15007679,15 - Sở GDĐT Phú Thọ,5.00,6.50,,,,,6.50,,
178,04006966,04 - Sở GDĐT Đà Nẵng,5.40,5.25,,,,,6.50,,
179,12002925,12 - Sở GDĐT Thái Nguyên,5.40,5.75,,,,,6.50,,
180,13000631,13 - Sở GDĐT Yên Bái,7.60,3.50,,,,,6.50,,
181,15007667,15 - Sở GDĐT Phú Thọ,8.00,6.00,,,,,6.50,,
182,04006866,04 - Sở GDĐT Đà Nẵng,4.20,4.00,,,,,6.75,,
183,15014409,15 - Sở GDĐT Phú Thọ,4.60,5.00,,,,,6.75,,
184,15005163,15 - Sở GDĐT Phú Thọ,4.80,5.75,,,,,6.75,,
185,10002790,10 - Sở GDĐT Lạng Sơn,5.40,5.00,,,,,6.75,,
186,16007371,16 - Sở GDĐT Vĩnh Phúc,6.00,7.50,,,,,6.75,,
187,12007752,12 - Sở GDĐT Thái Nguyên,6.60,7.25,,,,,6.75,,
188,16005052,16 - Sở GDĐT Vĩnh Phúc,7.00,6.00,,,,,6.75,,
189,04006724,04 - Sở GDĐT Đà Nẵng,7.40,5.25,,,,,6.75,,
190,10004346,10 - Sở GDĐT Lạng Sơn,7.60,8.25,,,,,6.75,,
191,15014556,15 - Sở GDĐT Phú Thọ,2.40,4.50,,,,,7.00,,
192,09001507,09 - Sở GDĐT Tuyên Quang,3.80,3.50,,,,,7.00,,
193,13004843,13 - Sở GDĐT Yên Bái,5.20,7.00,,,,,7.00,,
194,13006449,13 - Sở GDĐT Yên Bái,6.00,6.25,,,,,7.00,,
195,14008423,14 - Sở GDĐT Sơn La,6.80,6.50,,,,,7.00,,
196,16007167,16 - Sở GDĐT Vĩnh Phúc,7.80,8.00,,,,,7.00,,
197,04004367,04 - Sở GDĐT Đà Nẵng,3.00,5.00,,,,,7.25,,
198,07000400,07 - Sở GDĐT Lai Châu,6.80,5.00,,,,,7.25,,
199,05000490,05 - Sở GDĐT Hà Giang,6.80,5.50,,,,,7.25,,
200,16005004,16 - Sở GDĐT Vĩnh Phúc,7.60,6.25,,,,,7.25,,
201,15004882,15 - Sở GDĐT Phú Thọ,1.40,7.75,,,,,7.50,,
202,15014099,15 - Sở GDĐT Phú Thọ,4.00,5.50,,,,,7.50,,
203,04006801,04 - Sở GDĐT Đà Nẵng,4.20,1.25,,,,,7.50,,
204,04006718,04 - Sở GDĐT Đà Nẵng,4.60,2.75,,,,,7.50,,
205,04006790,04 - Sở GDĐT Đà Nẵng,4.60,4.00,,,,,7.50,,
206,06003240,06 - Sở GDĐT Cao Bằng,5.60,6.00,,,,,7.50,,
207,08003359,08 - Sở GDĐT Lào Cai,6.40,6.25,,,,,7.50,,
208,04006678,04 - Sở GDĐT Đà Nẵng,6.60,5.50,,,,,7.50,,
209,04007394,04 - Sở GDĐT Đà Nẵng,,,,,,,7.75,,
210,16005045,16 - Sở GDĐT Vĩnh Phúc,4.60,3.75,,,,,7.75,,
211,04006861,04 - Sở GDĐT Đà Nẵng,5.20,6.00,,,,,7.75,,
212,14002156,14 - Sở GDĐT Sơn La,5.80,6.50,,,,,7.75,,
213,16007211,16 - Sở GDĐT Vĩnh Phúc,6.20,5.25,,,,,7.75,,
214,14001759,14 - Sở GDĐT Sơn La,6.40,5.50,,,,,7.75,,
215,14006910,14 - Sở GDĐT Sơn La,6.40,6.25,,,,,7.75,,
216,15007565,15 - Sở GDĐT Phú Thọ,6.80,7.00,,,,,7.75,,
217,14010981,14 - Sở GDĐT Sơn La,7.20,8.00,,,,,7.75,,
218,07000179,07 - Sở GDĐT Lai Châu,7.40,4.25,,,,,7.75,,
219,10003819,10 - Sở GDĐT Lạng Sơn,7.40,8.50,,,,,7.75,,
220,12008241,12 - Sở GDĐT Thái Nguyên,7.60,7.50,,,,,7.75,,
221,05000041,05 - Sở GDĐT Hà Giang,8.00,6.25,,,,,7.75,,
222,15008013,15 - Sở GDĐT Phú Thọ,8.60,5.75,,,,,7.75,,
223,04006993,04 - Sở GDĐT Đà Nẵng,5.40,5.00,,,,,8.00,,
224,15015156,15 - Sở GDĐT Phú Thọ,5.40,6.75,,,,,8.00,,
225,03018809,03 - Sở GDĐT Hải Phòng,5.60,7.50,,,,,8.00,,
226,16007500,16 - Sở GDĐT Vĩnh Phúc,6.80,6.25,,,,,8.00,,
227,06001957,06 - Sở GDĐT Cao Bằng,7.40,6.00,,,,,8.00,,
228,05002493,05 - Sở GDĐT Hà Giang,4.80,7.75,,,,,8.25,,
229,15005113,15 - Sở GDĐT Phú Thọ,5.60,7.00,,,,,8.25,,
230,16004959,16 - Sở GDĐT Vĩnh Phúc,5.60,7.50,,,,,8.25,,
231,11000866,11 - Sở GDĐT Bắc Kạn,6.20,5.75,,,,,8.25,,
232,04006864,04 - Sở GDĐT Đà Nẵng,6.40,5.00,,,,,8.25,,
233,14006761,14 - Sở GDĐT Sơn La,6.40,6.75,,,,,8.25,,
234,10002831,10 - Sở GDĐT Lạng Sơn,7.00,6.00,,,,,8.25,,
235,04006877,04 - Sở GDĐT Đà Nẵng,7.40,3.50,,,,,8.25,,
236,07000223,07 - Sở GDĐT Lai Châu,7.40,5.00,,,,,8.25,,
237,10002071,10 - Sở GDĐT Lạng Sơn,7.60,5.75,,,,,8.25,,
238,04006747,04 - Sở GDĐT Đà Nẵng,7.60,6.00,,,,,8.25,,
239,07000401,07 - Sở GDĐT Lai Châu,7.60,6.00,,,,,8.25,,
240,06004360,06 - Sở GDĐT Cao Bằng,7.60,7.25,,,,,8.25,,
241,10003769,10 - Sở GDĐT Lạng Sơn,8.00,7.00,,,,,8.25,,
242,08003300,08 - Sở GDĐT Lào Cai,5.60,6.00,,,,,8.50,,
243,07000360,07 - Sở GDĐT Lai Châu,5.80,5.75,,,,,8.50,,
244,14001136,14 - Sở GDĐT Sơn La,5.80,6.25,,,,,8.50,,
245,14001094,14 - Sở GDĐT Sơn La,6.00,5.50,,,,,8.50,,
246,15014440,15 - Sở GDĐT Phú Thọ,6.00,7.00,,,,,8.50,,
247,07000457,07 - Sở GDĐT Lai Châu,6.20,5.50,,,,,8.50,,
248,12008020,12 - Sở GDĐT Thái Nguyên,6.60,7.75,,,,,8.50,,
249,14000766,14 - Sở GDĐT Sơn La,6.80,6.25,,,,,8.50,,
250,14007549,14 - Sở GDĐT Sơn La,7.00,7.75,,,,,8.50,,
251,04006905,04 - Sở GDĐT Đà Nẵng,7.60,6.00,,,,,8.50,,
252,17003342,17 - Sở GDĐT Quảng Ninh,7.60,7.25,,,,,8.50,,
253,12007630,12 - Sở GDĐT Thái Nguyên,7.80,6.50,,,,,8.50,,
254,04006814,04 - Sở GDĐT Đà Nẵng,7.80,7.00,,,,,8.50,,
255,03020179,03 - Sở GDĐT Hải Phòng,7.80,8.25,,,,,8.50,,
256,04006813,04 - Sở GDĐT Đà Nẵng,7.80,8.50,,,,,8.50,,
257,04006283,04 - Sở GDĐT Đà Nẵng,8.00,6.25,,,,,8.50,,
258,11001561,11 - Sở GDĐT Bắc Kạn,8.20,8.50,,,,,8.50,,
259,07000458,07 - Sở GDĐT Lai Châu,6.40,6.25,,,,,8.75,,
260,15008084,15 - Sở GDĐT Phú Thọ,6.80,6.25,,,,,8.75,,
261,14001792,14 - Sở GDĐT Sơn La,7.00,7.00,,,,,8.75,,
262,13001141,13 - Sở GDĐT Yên Bái,7.00,7.50,,,,,8.75,,
263,06003295,06 - Sở GDĐT Cao Bằng,7.00,8.75,,,,,8.75,,
264,04006684,04 - Sở GDĐT Đà Nẵng,7.20,6.00,,,,,8.75,,
265,04006797,04 - Sở GDĐT Đà Nẵng,7.20,6.50,,,,,8.75,,
266,09001960,09 - Sở GDĐT Tuyên Quang,7.20,7.00,,,,,8.75,,
267,15008098,15 - Sở GDĐT Phú Thọ,7.40,6.75,,,,,8.75,,
268,15008133,15 - Sở GDĐT Phú Thọ,7.40,7.00,,,,,8.75,,
269,12008021,12 - Sở GDĐT Thái Nguyên,7.60,7.00,,,,,8.75,,
270,08003001,08 - Sở GDĐT Lào Cai,8.20,6.25,,,,,8.75,,
271,05003701,05 - Sở GDĐT Hà Giang,8.40,7.25,,,,,8.75,,
272,11001684,11 - Sở GDĐT Bắc Kạn,5.40,8.50,,,,,9.00,,
273,13003995,13 - Sở GDĐT Yên Bái,5.60,7.00,,,,,9.00,,
274,14008078,14 - Sở GDĐT Sơn La,6.60,6.75,,,,,9.00,,
275,10008251,10 - Sở GDĐT Lạng Sơn,6.60,7.25,,,,,9.00,,
276,14010811,14 - Sở GDĐT Sơn La,6.60,7.75,,,,,9.00,,
277,14001844,14 - Sở GDĐT Sơn La,6.80,6.25,,,,,9.00,,
278,09006207,09 - Sở GDĐT Tuyên Quang,7.00,8.75,,,,,9.00,,
279,06001959,06 - Sở GDĐT Cao Bằng,7.00,9.00,,,,,9.00,,
280,10007914,10 - Sở GDĐT Lạng Sơn,7.20,6.25,,,,,9.00,,
281,11001028,11 - Sở GDĐT Bắc Kạn,7.40,6.25,,,,,9.00,,
282,14010286,14 - Sở GDĐT Sơn La,7.40,7.50,,,,,9.00,,
283,16007372,16 - Sở GDĐT Vĩnh Phúc,7.40,7.75,,,,,9.00,,
284,10008467,10 - Sở GDĐT Lạng Sơn,7.40,8.50,,,,,9.00,,
285,04006773,04 - Sở GDĐT Đà Nẵng,7.60,6.75,,,,,9.00,,
286,10005813,10 - Sở GDĐT Lạng Sơn,7.80,7.00,,,,,9.00,,
287,10005690,10 - Sở GDĐT Lạng Sơn,8.00,7.75,,,,,9.00,,
288,05003722,05 - Sở GDĐT Hà Giang,8.20,7.25,,,,,9.00,,
289,07000236,07 - Sở GDĐT Lai Châu,8.40,5.25,,,,,9.00,,
290,16004822,16 - Sở GDĐT Vĩnh Phúc,8.40,7.75,,,,,9.00,,
291,04006765,04 - Sở GDĐT Đà Nẵng,8.80,6.50,,,,,9.00,,
292,03021824,03 - Sở GDĐT Hải Phòng,8.80,8.25,,,,,9.00,,
293,15007657,15 - Sở GDĐT Phú Thọ,9.40,7.75,,,,,9.00,,
294,05000061,05 - Sở GDĐT Hà Giang,3.60,7.00,,,,,9.25,,
295,12002679,12 - Sở GDĐT Thái Nguyên,6.20,7.00,,,,,9.25,,
296,10002813,10 - Sở GDĐT Lạng Sơn,7.00,7.50,,,,,9.25,,
297,03020092,03 - Sở GDĐT Hải Phòng,7.40,8.50,,,,,9.25,,
298,09006507,09 - Sở GDĐT Tuyên Quang,7.60,7.00,,,,,9.25,,
299,14005231,14 - Sở GDĐT Sơn La,7.60,8.00,,,,,9.25,,
300,09001425,09 - Sở GDĐT Tuyên Quang,7.80,6.75,,,,,9.25,,
301,10005627,10 - Sở GDĐT Lạng Sơn,7.80,7.00,,,,,9.25,,
302,14005222,14 - Sở GDĐT Sơn La,7.80,7.50,,,,,9.25,,
303,15008047,15 - Sở GDĐT Phú Thọ,8.00,5.75,,,,,9.25,,
304,05001620,05 - Sở GDĐT Hà Giang,8.00,7.25,,,,,9.25,,
305,14010809,14 - Sở GDĐT Sơn La,8.40,5.50,,,,,9.25,,
306,04006520,04 - Sở GDĐT Đà Nẵng,8.40,6.50,,,,,9.25,,
307,15007941,15 - Sở GDĐT Phú Thọ,8.60,8.25,,,,,9.25,,
308,10002987,10 - Sở GDĐT Lạng Sơn,5.80,6.50,,,,,9.50,,
309,14001099,14 - Sở GDĐT Sơn La,6.00,7.75,,,,,9.50,,
310,14000999,14 - Sở GDĐT Sơn La,7.00,5.50,,,,,9.50,,
311,10006765,10 - Sở GDĐT Lạng Sơn,7.00,7.00,,,,,9.50,,
312,14008157,14 - Sở GDĐT Sơn La,7.20,6.50,,,,,9.50,,
313,15007912,15 - Sở GDĐT Phú Thọ,7.40,6.25,,,,,9.50,,
314,10004572,10 - Sở GDĐT Lạng Sơn,7.60,8.50,,,,,9.50,,
315,10005576,10 - Sở GDĐT Lạng Sơn,7.80,8.50,,,,,9.50,,
316,05002548,05 - Sở GDĐT Hà Giang,8.00,7.50,,,,,9.50,,
317,14001829,14 - Sở GDĐT Sơn La,8.00,8.00,,,,,9.50,,
318,14004973,14 - Sở GDĐT Sơn La,8.20,7.25,,,,,9.50,,
319,09001189,09 - Sở GDĐT Tuyên Quang,8.20,7.75,,,,,9.50,,
320,11002127,11 - Sở GDĐT Bắc Kạn,8.40,8.25,,,,,9.50,,
321,12008019,12 - Sở GDĐT Thái Nguyên,7.60,8.00,,,,,9.75,,
322,06004440,06 - Sở GDĐT Cao Bằng,8.20,7.00,,,,,9.75,,
323,08003052,08 - Sở GDĐT Lào Cai,8.20,7.50,,,,,9.75,,
324,15008269,15 - Sở GDĐT Phú Thọ,8.20,7.75,,,,,9.75,,
325,04006879,04 - Sở GDĐT Đà Nẵng,8.40,6.75,,,,,9.75,,
326,04006871,04 - Sở GDĐT Đà Nẵng,8.40,7.00,,,,,9.75,,
327,06003085,06 - Sở GDĐT Cao Bằng,8.40,8.00,,,,,9.75,,
328,06003686,06 - Sở GDĐT Cao Bằng,8.80,9.00,,,,,9.75,,
329,03022246,03 - Sở GDĐT Hải Phòng,8.80,8.50,,,8.25,,,,
330,16007496,16 - Sở GDĐT Vĩnh Phúc,2.80,6.50,,,,,5.75,,
331,06003426,06 - Sở GDĐT Cao Bằng,6.00,,,,,,,,.25
332,15004974,15 - Sở GDĐT Phú Thọ,,6.50,,,,,7.00,,.25
333,15009504,15 - Sở GDĐT Phú Thọ,,7.00,,,,,7.50,,.50
334,10006805,10 - Sở GDĐT Lạng Sơn,7.40,,,,,,10.0,,.25
335,06004249,06 - Sở GDĐT Cao Bằng,,8.00,,,,,9.00,,.50
336,10008304,10 - Sở GDĐT Lạng Sơn,4.60,,,,3.75,2.50,,,
337,17001751,17 - Sở GDĐT Quảng Ninh,5.20,,,,4.25,2.75,,,
338,14000725,14 - Sở GDĐT Sơn La,4.60,,,,4.25,3.00,,,
339,10008265,10 - Sở GDĐT Lạng Sơn,1.80,,,,3.75,3.50,,,
340,14001903,14 - Sở GDĐT Sơn La,6.60,,,,4.25,3.50,,,
341,10006903,10 - Sở GDĐT Lạng Sơn,6.80,,,,4.75,3.50,,,
342,07001461,07 - Sở GDĐT Lai Châu,7.40,,,,8.50,3.75,,,
343,10006194,10 - Sở GDĐT Lạng Sơn,7.20,,,,4.25,4.00,,,
344,04007439,04 - Sở GDĐT Đà Nẵng,7.80,,,,6.25,4.00,,,
345,12004471,12 - Sở GDĐT Thái Nguyên,5.60,,,,6.75,4.00,,,
346,04002144,04 - Sở GDĐT Đà Nẵng,7.00,,,,7.50,4.00,,,
347,12014572,12 - Sở GDĐT Thái Nguyên,7.80,,,,7.75,4.00,,,
348,15007784,15 - Sở GDĐT Phú Thọ,4.80,,,,3.75,4.25,,,
349,09006751,09 - Sở GDĐT Tuyên Quang,2.80,,,,4.00,4.25,,,
350,11000126,11 - Sở GDĐT Bắc Kạn,5.60,,,,4.00,4.25,,,
351,17003517,17 - Sở GDĐT Quảng Ninh,8.00,,,,4.00,4.25,,,
352,12002915,12 - Sở GDĐT Thái Nguyên,6.00,,,,5.75,4.25,,,
353,09001428,09 - Sở GDĐT Tuyên Quang,6.60,,,,6.00,4.25,,,
354,17001907,17 - Sở GDĐT Quảng Ninh,7.00,,,,6.25,4.25,,,
355,06004218,06 - Sở GDĐT Cao Bằng,6.60,,,,4.50,4.50,,,
356,14006724,14 - Sở GDĐT Sơn La,6.20,,,,5.00,4.50,,,
357,15003166,15 - Sở GDĐT Phú Thọ,6.80,,,,5.00,4.50,,,
358,08004938,08 - Sở GDĐT Lào Cai,6.80,,,,5.50,4.50,,,
359,04007606,04 - Sở GDĐT Đà Nẵng,8.60,,,,7.25,4.50,,,
360,15009352,15 - Sở GDĐT Phú Thọ,7.20,,,,7.75,4.50,,,
361,14008540,14 - Sở GDĐT Sơn La,4.00,,,,3.75,4.75,,,
362,07001763,07 - Sở GDĐT Lai Châu,7.00,,,,4.00,4.75,,,
363,09001255,09 - Sở GDĐT Tuyên Quang,6.00,,,,5.75,4.75,,,
364,06002049,06 - Sở GDĐT Cao Bằng,7.40,,,,6.50,4.75,,,
365,07001903,07 - Sở GDĐT Lai Châu,5.20,,,,6.75,4.75,,,
366,06000578,06 - Sở GDĐT Cao Bằng,7.00,,,,7.00,4.75,,,
367,10005077,10 - Sở GDĐT Lạng Sơn,7.60,,,,7.50,4.75,,,
368,06002075,06 - Sở GDĐT Cao Bằng,6.40,,,,5.00,5.00,,,
369,14003468,14 - Sở GDĐT Sơn La,7.60,,,,5.00,5.00,,,
370,11000561,11 - Sở GDĐT Bắc Kạn,6.80,,,,5.50,5.00,,,
371,14006896,14 - Sở GDĐT Sơn La,6.80,,,,5.50,5.00,,,
372,10000163,10 - Sở GDĐT Lạng Sơn,6.80,,,,6.50,5.00,,,
373,09006515,09 - Sở GDĐT Tuyên Quang,7.60,,,,6.50,5.00,,,
374,48021811,48 - Sở GDĐT Đồng Nai,,1.50,,,,,,,
375,50008157,50 - Sở GDĐT Đồng Tháp,,2.25,,,,,,,
376,48013307,48 - Sở GDĐT Đồng Nai,,2.50,,,,,,,
377,49008329,49 - Sở GDĐT Long An,,3.50,,,,,,,
378,48008312,48 - Sở GDĐT Đồng Nai,,3.75,,,,,,,
379,48014452,48 - Sở GDĐT Đồng Nai,,4.50,,,,,,,
380,49009619,49 - Sở GDĐT Long An,,4.50,,,,,,,
381,48013696,48 - Sở GDĐT Đồng Nai,,4.75,,,,,,,
382,50007662,50 - Sở GDĐT Đồng Tháp,,5.00,,,,,,,
383,42008359,42 - Sở GDĐT Lâm Đồng,,5.50,,,,,,,
384,48015136,48 - Sở GDĐT Đồng Nai,,5.50,,,,,,,
385,46000319,46 - Sở GDĐT Tây Ninh,,5.75,,,,,,,
386,44002415,44 - Sở GDĐT Bình Dương,,6.00,,,,,,,
387,47000873,47 - Sở GDĐT Bình Thuận,,6.00,,,,,,,
388,47010515,47 - Sở GDĐT Bình Thuận,,6.00,,,,,,,
389,48017800,48 - Sở GDĐT Đồng Nai,,6.00,,,,,,,
390,42012772,42 - Sở GDĐT Lâm Đồng,,6.25,,,,,,,
391,43010046,43 - Sở GDĐT Bình Phước,,6.25,,,,,,,
392,48024631,48 - Sở GDĐT Đồng Nai,,6.50,,,,,,,
393,43007935,43 - Sở GDĐT Bình Phước,,6.75,,,,,,,
394,48018129,48 - Sở GDĐT Đồng Nai,,6.75,,,,,,,
395,48019904,48 - Sở GDĐT Đồng Nai,,6.75,,,,,,,
396,47006519,47 - Sở GDĐT Bình Thuận,,7.00,,,,,,,
397,47006987,47 - Sở GDĐT Bình Thuận,,7.00,,,,,,,
398,46000581,46 - Sở GDĐT Tây Ninh,,8.00,,,,,,,
399,44003106,44 - Sở GDĐT Bình Dương,2.00,5.00,,,,,,,
400,43001228,43 - Sở GDĐT Bình Phước,2.20,2.00,,,,,,,
401,48005938,48 - Sở GDĐT Đồng Nai,2.20,2.00,,,,,,,
402,48007199,48 - Sở GDĐT Đồng Nai,2.20,4.75,,,,,,,
403,48021781,48 - Sở GDĐT Đồng Nai,2.40,3.50,,,,,,,
404,48006618,48 - Sở GDĐT Đồng Nai,2.60,2.50,,,,,,,
405,48026225,48 - Sở GDĐT Đồng Nai,2.60,3.00,,,,,,,
406,48008077,48 - Sở GDĐT Đồng Nai,2.80,1.25,,,,,,,
407,44003113,44 - Sở GDĐT Bình Dương,2.80,4.00,,,,,,,
408,46008992,46 - Sở GDĐT Tây Ninh,3.00,,,,,,,,
409,48021492,48 - Sở GDĐT Đồng Nai,3.00,,,,,,,,
410,48009901,48 - Sở GDĐT Đồng Nai,3.00,4.75,,,,,,,
411,48007102,48 - Sở GDĐT Đồng Nai,3.20,4.25,,,,,,,
412,46007126,46 - Sở GDĐT Tây Ninh,3.20,6.25,,,,,,,
413,49008483,49 - Sở GDĐT Long An,3.40,3.00,,,,,,,
414,51004751,51 - Sở GDĐT An Giang,3.40,3.50,,,,,,,
415,45001163,45 - Sở GDĐT Ninh Thuận,3.40,5.00,,,,,,,
416,48024484,48 - Sở GDĐT Đồng Nai,3.40,6.50,,,,,,,
417,48030088,48 - Sở GDĐT Đồng Nai,3.60,5.25,,,,,,,
418,48021871,48 - Sở GDĐT Đồng Nai,3.80,,,,,,,,
419,45001150,45 - Sở GDĐT Ninh Thuận,3.80,6.00,,,,,,,
420,48007263,48 - Sở GDĐT Đồng Nai,4.00,4.25,,,,,,,
421,48004814,48 - Sở GDĐT Đồng Nai,4.20,2.25,,,,,,,
422,44001598,44 - Sở GDĐT Bình Dương,4.40,2.25,,,,,,,
423,46000575,46 - Sở GDĐT Tây Ninh,4.40,5.50,,,,,,,
424,44011328,44 - Sở GDĐT Bình Dương,4.60,5.50,,,,,,,
425,46000567,46 - Sở GDĐT Tây Ninh,4.80,5.25,,,,,,,
426,48018069,48 - Sở GDĐT Đồng Nai,5.00,4.75,,,,,,,
427,48009380,48 - Sở GDĐT Đồng Nai,5.00,6.00,,,,,,,
428,45001121,45 - Sở GDĐT Ninh Thuận,5.20,5.00,,,,,,,
429,48019452,48 - Sở GDĐT Đồng Nai,5.40,5.25,,,,,,,
430,48024751,48 - Sở GDĐT Đồng Nai,5.60,3.75,,,,,,,
431,45001076,45 - Sở GDĐT Ninh Thuận,5.80,6.50,,,,,,,
432,48030086,48 - Sở GDĐT Đồng Nai,6.60,4.75,,,,,,,
433,51007617,51 - Sở GDĐT An Giang,6.80,5.50,,,,,,,
434,48024578,48 - Sở GDĐT Đồng Nai,7.00,4.75,,,,,,,
435,49009332,49 - Sở GDĐT Long An,7.00,8.00,,,,,,,
436,49000811,49 - Sở GDĐT Long An,7.20,7.00,,,,,,,
437,51001430,51 - Sở GDĐT An Giang,7.40,,,,,,,,
438,50003848,50 - Sở GDĐT Đồng Tháp,7.40,7.25,,,,,,,
439,49004551,49 - Sở GDĐT Long An,7.60,7.00,,,,,,,
440,51001437,51 - Sở GDĐT An Giang,7.60,7.00,,,,,,,
441,42008351,42 - Sở GDĐT Lâm Đồng,7.80,7.25,,,,,,,
442,44002206,44 - Sở GDĐT Bình Dương,7.80,8.00,,,,,,,
443,42012550,42 - Sở GDĐT Lâm Đồng,7.80,8.25,,,,,,,
444,47005014,47 - Sở GDĐT Bình Thuận,7.80,8.25,,,,,,,
445,46006664,46 - Sở GDĐT Tây Ninh,7.80,8.50,,,,,,,
446,47003016,47 - Sở GDĐT Bình Thuận,7.80,8.50,,,,,,,
447,42008341,42 - Sở GDĐT Lâm Đồng,8.00,,,,,,,,
448,43002621,43 - Sở GDĐT Bình Phước,8.00,,,,,,,,
449,48005196,48 - Sở GDĐT Đồng Nai,8.00,,,,,,,,
450,51001625,51 - Sở GDĐT An Giang,8.00,7.75,,,,,,,
451,42008345,42 - Sở GDĐT Lâm Đồng,8.20,6.50,,,,,,,
452,48001703,48 - Sở GDĐT Đồng Nai,8.20,6.50,,,,,,,
453,45000836,45 - Sở GDĐT Ninh Thuận,8.20,7.00,,,,,,,
454,49004717,49 - Sở GDĐT Long An,8.40,6.50,,,,,,,
455,42008460,42 - Sở GDĐT Lâm Đồng,,5.50,,3.75,,,,3.75,
456,49009127,49 - Sở GDĐT Long An,5.20,5.00,,5.75,,,,5.75,
457,45001110,45 - Sở GDĐT Ninh Thuận,5.20,6.25,,5.75,,,,5.75,
458,50007488,50 - Sở GDĐT Đồng Tháp,6.80,6.25,,7.25,,,,7.25,
459,49008181,49 - Sở GDĐT Long An,,1.25,,0.25,,,0.25,0.25,
460,49008067,49 - Sở GDĐT Long An,,,,0.75,,,0.25,0.75,
461,43002388,43 - Sở GDĐT Bình Phước,2.20,4.50,,4.50,,,0.75,4.50,
462,46000655,46 - Sở GDĐT Tây Ninh,2.60,3.75,,5.00,,,0.75,5.00,
463,49008071,49 - Sở GDĐT Long An,,,,,,,1.00,,
464,47007177,47 - Sở GDĐT Bình Thuận,,0.50,,0.75,,,1.00,0.75,
465,48026214,48 - Sở GDĐT Đồng Nai,,2.00,,4.75,,,1.00,4.75,
466,43001679,43 - Sở GDĐT Bình Phước,3.80,4.25,,6.00,,,1.00,6.00,
467,49007791,49 - Sở GDĐT Long An,,0.50,,0.75,,,1.25,0.75,
468,48028931,48 - Sở GDĐT Đồng Nai,2.40,3.75,,4.00,,,1.25,4.00,
469,48024176,48 - Sở GDĐT Đồng Nai,2.60,2.00,,4.00,,,1.25,4.00,
470,48020921,48 - Sở GDĐT Đồng Nai,4.60,4.75,,4.00,,,1.25,4.00,
471,48008272,48 - Sở GDĐT Đồng Nai,5.20,3.00,,5.50,,,1.25,5.50,
472,48013207,48 - Sở GDĐT Đồng Nai,5.60,4.00,,5.50,,,1.25,5.50,
473,48012194,48 - Sở GDĐT Đồng Nai,3.40,,,6.50,,,1.25,6.50,
474,46000596,46 - Sở GDĐT Tây Ninh,,2.75,,1.00,,,1.50,1.00,
475,45001741,45 - Sở GDĐT Ninh Thuận,2.20,4.00,,4.00,,,1.50,4.00,
476,43004682,43 - Sở GDĐT Bình Phước,2.60,2.00,,4.00,,,1.50,4.00,
477,43001546,43 - Sở GDĐT Bình Phước,2.60,3.25,,4.50,,,1.50,4.50,
478,48001781,48 - Sở GDĐT Đồng Nai,2.80,2.00,,4.75,,,1.50,4.75,
479,43007834,43 - Sở GDĐT Bình Phước,2.80,2.25,,4.75,,,1.50,4.75,
480,46000552,46 - Sở GDĐT Tây Ninh,4.40,6.00,,5.25,,,1.50,5.25,
481,43001707,43 - Sở GDĐT Bình Phước,2.00,3.25,,5.50,,,1.50,5.50,
482,48008854,48 - Sở GDĐT Đồng Nai,4.60,4.25,,5.50,,,1.50,5.50,
483,45002555,45 - Sở GDĐT Ninh Thuận,2.00,2.50,,5.75,,,1.50,5.75,
484,48030669,48 - Sở GDĐT Đồng Nai,5.80,2.50,,6.25,,,1.50,6.25,
485,44010175,44 - Sở GDĐT Bình Dương,3.20,6.00,,7.00,,,1.50,7.00,
486,46000356,46 - Sở GDĐT Tây Ninh,,1.25,,1.25,,,1.75,1.25,
487,48023865,48 - Sở GDĐT Đồng Nai,2.80,2.50,,1.50,,,1.75,1.50,
488,48027183,48 - Sở GDĐT Đồng Nai,2.40,1.25,,2.25,,,1.75,2.25,
489,47000659,47 - Sở GDĐT Bình Thuận,1.40,2.00,,3.00,,,1.75,3.00,
490,48003872,48 - Sở GDĐT Đồng Nai,3.20,1.00,,3.00,,,1.75,3.00,
491,45002602,45 - Sở GDĐT Ninh Thuận,5.40,5.50,,3.75,,,1.75,3.75,
492,49008509,49 - Sở GDĐT Long An,4.60,2.25,,4.00,,,1.75,4.00,
493,48015563,48 - Sở GDĐT Đồng Nai,3.80,4.00,,4.50,,,1.75,4.50,
494,48005586,48 - Sở GDĐT Đồng Nai,4.00,3.00,,4.50,,,1.75,4.50,
495,48015995,48 - Sở GDĐT Đồng Nai,4.00,4.00,,4.50,,,1.75,4.50,
496,43007700,43 - Sở GDĐT Bình Phước,2.00,1.25,,4.75,,,1.75,4.75,
497,43010653,43 - Sở GDĐT Bình Phước,2.40,2.75,,4.75,,,1.75,4.75,
498,50005270,50 - Sở GDĐT Đồng Tháp,2.80,3.50,,4.75,,,1.75,4.75,
499,50005951,50 - Sở GDĐT Đồng Tháp,2.80,3.75,,4.75,,,1.75,4.75,
500,50005178,50 - Sở GDĐT Đồng Tháp,3.80,4.50,,4.75,,,1.75,4.75,
501,49013149,49 - Sở GDĐT Long An,4.40,3.25,,4.75,,,1.75,4.75,
502,43001171,43 - Sở GDĐT Bình Phước,1.80,3.00,,5.25,,,1.75,5.25,
503,43009609,43 - Sở GDĐT Bình Phước,3.40,4.50,,5.25,,,1.75,5.25,
504,43001464,43 - Sở GDĐT Bình Phước,3.20,3.25,,5.50,,,1.75,5.50,
505,48027088,48 - Sở GDĐT Đồng Nai,4.40,3.75,,5.50,,,1.75,5.50,
506,48003990,48 - Sở GDĐT Đồng Nai,3.20,4.75,,5.75,,,1.75,5.75,
507,43001387,43 - Sở GDĐT Bình Phước,3.20,5.50,,5.75,,,1.75,5.75,
508,48011604,48 - Sở GDĐT Đồng Nai,3.60,3.00,,5.75,,,1.75,5.75,
509,49003801,49 - Sở GDĐT Long An,4.00,2.00,,5.75,,,1.75,5.75,
510,50005693,50 - Sở GDĐT Đồng Tháp,3.60,5.25,,6.00,,,1.75,6.00,
511,51007855,51 - Sở GDĐT An Giang,2.60,5.75,,6.25,,,1.75,6.25,
512,49011304,49 - Sở GDĐT Long An,3.40,4.25,,6.25,,,1.75,6.25,
513,51000274,51 - Sở GDĐT An Giang,2.60,3.00,,6.50,,,1.75,6.50,
514,48021832,48 - Sở GDĐT Đồng Nai,1.60,3.50,,6.75,,,1.75,6.75,
515,48016653,48 - Sở GDĐT Đồng Nai,6.00,3.75,,7.00,,,1.75,7.00,
516,48007450,48 - Sở GDĐT Đồng Nai,4.80,3.75,,7.50,,,1.75,7.50,
517,49008251,49 - Sở GDĐT Long An,6.40,4.00,,7.50,,,1.75,7.50,
518,50006464,50 - Sở GDĐT Đồng Tháp,9.00,8.25,,,,,10.0,,
519,44010969,44 - Sở GDĐT Bình Dương,8.40,8.00,,6.75,,,10.0,6.75,
520,49005864,49 - Sở GDĐT Long An,5.60,7.00,,8.00,,,10.0,8.00,
521,50013385,50 - Sở GDĐT Đồng Tháp,,6.75,,8.25,,,10.0,8.25,
522,42010404,42 - Sở GDĐT Lâm Đồng,,5.50,,8.75,,,10.0,8.75,
523,48023692,48 - Sở GDĐT Đồng Nai,,8.50,,8.75,,,10.0,8.75,
524,48024418,48 - Sở GDĐT Đồng Nai,6.60,7.50,,8.75,,,10.0,8.75,
525,48016021,48 - Sở GDĐT Đồng Nai,,7.25,,9.00,,,10.0,9.00,
526,43007018,43 - Sở GDĐT Bình Phước,,7.50,,9.00,,,10.0,9.00,
527,43004776,43 - Sở GDĐT Bình Phước,,7.75,,9.00,,,10.0,9.00,
528,49000764,49 - Sở GDĐT Long An,,7.08,,9.25,,,10.0,9.25,
529,47009160,47 - Sở GDĐT Bình Thuận,,7.50,,9.25,,,10.0,9.25,
530,49004246,49 - Sở GDĐT Long An,,7.50,,9.25,,,10.0,9.25,
531,50007456,50 - Sở GDĐT Đồng Tháp,,8.00,,9.25,,,10.0,9.25,
532,47004814,47 - Sở GDĐT Bình Thuận,,8.25,,9.25,,,10.0,9.25,
533,49004363,49 - Sở GDĐT Long An,,7.50,,9.50,,,10.0,9.50,
534,49004632,49 - Sở GDĐT Long An,,7.50,,9.50,,,10.0,9.50,
535,49002492,49 - Sở GDĐT Long An,,6.50,,9.75,,,10.0,9.75,
536,47007865,47 - Sở GDĐT Bình Thuận,,6.75,,9.75,,,10.0,9.75,
537,51001881,51 - Sở GDĐT An Giang,,6.75,,9.75,,,10.0,9.75,
538,48029330,48 - Sở GDĐT Đồng Nai,2.60,3.75,,3.00,,,2.00,3.00,
539,43007488,43 - Sở GDĐT Bình Phước,3.00,4.00,,3.00,,,2.00,3.00,
540,48026968,48 - Sở GDĐT Đồng Nai,5.20,3.75,,3.00,,,2.00,3.00,
541,48015169,48 - Sở GDĐT Đồng Nai,2.00,3.00,,3.25,,,2.00,3.25,
542,48013719,48 - Sở GDĐT Đồng Nai,2.40,4.50,,3.25,,,2.00,3.25,
543,48003322,48 - Sở GDĐT Đồng Nai,3.80,4.75,,3.25,,,2.00,3.25,
544,49005743,49 - Sở GDĐT Long An,2.60,4.00,,3.50,,,2.00,3.50,
545,47004924,47 - Sở GDĐT Bình Thuận,3.20,2.00,,3.50,,,2.00,3.50,
546,51000558,51 - Sở GDĐT An Giang,3.20,5.25,,3.50,,,2.00,3.50,
547,49009993,49 - Sở GDĐT Long An,4.80,3.00,,3.50,,,2.00,3.50,
548,48003404,48 - Sở GDĐT Đồng Nai,5.00,3.25,,3.50,,,2.00,3.50,
549,43008023,43 - Sở GDĐT Bình Phước,1.80,5.25,,4.00,,,2.00,4.00,
550,48012230,48 - Sở GDĐT Đồng Nai,3.40,3.75,,4.00,,,2.00,4.00,
551,48002803,48 - Sở GDĐT Đồng Nai,4.60,3.00,,4.00,,,2.00,4.00,
552,48022576,48 - Sở GDĐT Đồng Nai,2.00,4.00,,4.25,,,2.00,4.25,
553,42006858,42 - Sở GDĐT Lâm Đồng,2.80,2.25,,4.25,,,2.00,4.25,
554,48019585,48 - Sở GDĐT Đồng Nai,2.80,3.50,,4.25,,,2.00,4.25,
555,48009016,48 - Sở GDĐT Đồng Nai,3.20,1.75,,4.25,,,2.00,4.25,
556,44011684,44 - Sở GDĐT Bình Dương,3.20,4.75,,4.25,,,2.00,4.25,
557,43010178,43 - Sở GDĐT Bình Phước,3.80,2.50,,4.25,,,2.00,4.25,
558,48014279,48 - Sở GDĐT Đồng Nai,1.40,3.00,,4.50,,,2.00,4.50,
559,48025264,48 - Sở GDĐT Đồng Nai,1.80,3.75,,4.50,,,2.00,4.50,
560,43001397,43 - Sở GDĐT Bình Phước,2.80,2.50,,4.50,,,2.00,4.50,
561,49004255,49 - Sở GDĐT Long An,,4.75,,4.75,,,2.00,4.75,
562,48011347,48 - Sở GDĐT Đồng Nai,2.40,2.50,,4.75,,,2.00,4.75,
563,46003180,46 - Sở GDĐT Tây Ninh,2.40,5.75,,4.75,,,2.00,4.75,
564,43009486,43 - Sở GDĐT Bình Phước,3.20,4.50,,4.75,,,2.00,4.75,
565,48026183,48 - Sở GDĐT Đồng Nai,3.60,3.50,,4.75,,,2.00,4.75,
566,48025855,48 - Sở GDĐT Đồng Nai,3.80,2.25,,4.75,,,2.00,4.75,
567,45001619,45 - Sở GDĐT Ninh Thuận,4.80,3.50,,4.75,,,2.00,4.75,
568,51008079,51 - Sở GDĐT An Giang,2.00,4.00,,5.00,,,2.00,5.00,
569,48020938,48 - Sở GDĐT Đồng Nai,2.20,2.25,,5.00,,,2.00,5.00,
570,43010426,43 - Sở GDĐT Bình Phước,2.40,2.75,,5.00,,,2.00,5.00,
571,48013980,48 - Sở GDĐT Đồng Nai,2.40,5.50,,5.00,,,2.00,5.00,
572,48005343,48 - Sở GDĐT Đồng Nai,3.20,4.25,,5.00,,,2.00,5.00,
573,49005505,49 - Sở GDĐT Long An,3.60,4.50,,5.00,,,2.00,5.00,
574,45002015,45 - Sở GDĐT Ninh Thuận,4.40,5.50,,5.00,,,2.00,5.00,
575,48028702,48 - Sở GDĐT Đồng Nai,2.40,2.00,,5.25,,,2.00,5.25,
576,43001661,43 - Sở GDĐT Bình Phước,2.80,4.00,,5.25,,,2.00,5.25,
577,51000372,51 - Sở GDĐT An Giang,3.20,2.50,,5.25,,,2.00,5.25,
578,46008916,46 - Sở GDĐT Tây Ninh,2.80,5.25,,5.50,,,2.00,5.50,
579,48026669,48 - Sở GDĐT Đồng Nai,5.00,5.50,,5.50,,,2.00,5.50,
580,49007332,49 - Sở GDĐT Long An,5.20,2.50,,5.50,,,2.00,5.50,
581,46000531,46 - Sở GDĐT Tây Ninh,3.60,4.25,,5.75,,,2.00,5.75,
582,48019609,48 - Sở GDĐT Đồng Nai,3.40,3.75,,6.00,,,2.00,6.00,
583,43007765,43 - Sở GDĐT Bình Phước,3.80,1.50,,6.00,,,2.00,6.00,
584,48007719,48 - Sở GDĐT Đồng Nai,3.80,3.75,,6.00,,,2.00,6.00,
585,48016225,48 - Sở GDĐT Đồng Nai,4.60,3.00,,6.00,,,2.00,6.00,
586,49008259,49 - Sở GDĐT Long An,4.20,6.25,,6.25,,,2.00,6.25,
587,48008510,48 - Sở GDĐT Đồng Nai,3.80,3.50,,6.50,,,2.00,6.50,
588,48019938,48 - Sở GDĐT Đồng Nai,4.20,4.00,,6.50,,,2.00,6.50,
589,44006794,44 - Sở GDĐT Bình Dương,5.80,5.25,,6.50,,,2.00,6.50,
590,44009423,44 - Sở GDĐT Bình Dương,3.60,5.50,,6.75,,,2.00,6.75,
591,43009459,43 - Sở GDĐT Bình Phước,2.60,2.00,,7.00,,,2.00,7.00,
592,48015257,48 - Sở GDĐT Đồng Nai,5.40,5.50,,7.00,,,2.00,7.00,
593,44000551,44 - Sở GDĐT Bình Dương,6.40,6.50,,8.50,,,2.00,8.50,
594,46004556,46 - Sở GDĐT Tây Ninh,2.40,,,,,,2.25,,
595,48004464,48 - Sở GDĐT Đồng Nai,2.80,4.75,,1.25,,,2.25,1.25,
596,43009422,43 - Sở GDĐT Bình Phước,2.80,4.75,,2.25,,,2.25,2.25,
597,46000617,46 - Sở GDĐT Tây Ninh,2.80,4.75,,2.50,,,2.25,2.50,
598,48003542,48 - Sở GDĐT Đồng Nai,2.00,3.00,,2.75,,,2.25,2.75,
599,48022130,48 - Sở GDĐT Đồng Nai,2.20,0.75,,2.75,,,2.25,2.75,
600,48029183,48 - Sở GDĐT Đồng Nai,2.40,2.75,,2.75,,,2.25,2.75,
601,47000824,47 - Sở GDĐT Bình Thuận,3.00,2.75,,2.75,,,2.25,2.75,
602,48017893,48 - Sở GDĐT Đồng Nai,2.00,3.75,,3.00,,,2.25,3.00,
603,47001755,47 - Sở GDĐT Bình Thuận,2.00,2.00,,3.25,,,2.25,3.25,
604,48002024,48 - Sở GDĐT Đồng Nai,3.80,1.25,,3.25,,,2.25,3.25,
605,48008002,48 - Sở GDĐT Đồng Nai,2.00,2.25,,3.50,,,2.25,3.50,
606,48008250,48 - Sở GDĐT Đồng Nai,2.40,1.25,,3.50,,,2.25,3.50,
607,50013104,50 - Sở GDĐT Đồng Tháp,2.60,4.50,,3.50,,,2.25,3.50,
608,47000448,47 - Sở GDĐT Bình Thuận,4.60,4.00,,3.50,,,2.25,3.50,
609,48014632,48 - Sở GDĐT Đồng Nai,5.00,4.00,,3.50,,,2.25,3.50,
610,43008817,43 - Sở GDĐT Bình Phước,3.20,3.25,,3.75,,,2.25,3.75,
611,50006107,50 - Sở GDĐT Đồng Tháp,3.20,3.50,,3.75,,,2.25,3.75,
612,48014749,48 - Sở GDĐT Đồng Nai,3.40,2.25,,3.75,,,2.25,3.75,
613,43001110,43 - Sở GDĐT Bình Phước,3.40,3.25,,3.75,,,2.25,3.75,
614,48028587,48 - Sở GDĐT Đồng Nai,4.80,3.00,,3.75,,,2.25,3.75,
615,48002477,48 - Sở GDĐT Đồng Nai,2.00,4.00,,4.00,,,2.25,4.00,
616,43002348,43 - Sở GDĐT Bình Phước,2.40,4.75,,4.00,,,2.25,4.00,
617,48003393,48 - Sở GDĐT Đồng Nai,2.60,5.50,,4.00,,,2.25,4.00,
618,49015238,49 - Sở GDĐT Long An,3.60,3.75,,4.00,,,2.25,4.00,
619,48020857,48 - Sở GDĐT Đồng Nai,4.00,5.00,,4.00,,,2.25,4.00,
620,44011764,44 - Sở GDĐT Bình Dương,1.20,5.75,,4.25,,,2.25,4.25,
621,47006409,47 - Sở GDĐT Bình Thuận,2.20,5.25,,4.25,,,2.25,4.25,
622,48029342,48 - Sở GDĐT Đồng Nai,2.40,2.00,,4.25,,,2.25,4.25,
623,48025119,48 - Sở GDĐT Đồng Nai,3.00,3.50,,4.25,,,2.25,4.25,
624,49014679,49 - Sở GDĐT Long An,3.80,3.25,,4.25,,,2.25,4.25,
625,43001483,43 - Sở GDĐT Bình Phước,1.40,1.75,,4.50,,,2.25,4.50,
626,43010569,43 - Sở GDĐT Bình Phước,1.60,4.00,,4.50,,,2.25,4.50,
627,48010971,48 - Sở GDĐT Đồng Nai,2.00,2.50,,4.50,,,2.25,4.50,
628,48013671,48 - Sở GDĐT Đồng Nai,2.00,2.50,,4.50,,,2.25,4.50,
629,46004922,46 - Sở GDĐT Tây Ninh,2.20,5.25,,4.50,,,2.25,4.50,
630,43010683,43 - Sở GDĐT Bình Phước,2.60,4.50,,4.50,,,2.25,4.50,
631,48012009,48 - Sở GDĐT Đồng Nai,2.80,4.00,,4.50,,,2.25,4.50,
632,51000149,51 - Sở GDĐT An Giang,3.80,4.50,,4.50,,,2.25,4.50,
633,48014310,48 - Sở GDĐT Đồng Nai,,2.50,,4.75,,,2.25,4.75,
634,48006503,48 - Sở GDĐT Đồng Nai,2.20,3.50,,4.75,,,2.25,4.75,
635,45002124,45 - Sở GDĐT Ninh Thuận,2.60,3.50,,4.75,,,2.25,4.75,
636,45002108,45 - Sở GDĐT Ninh Thuận,2.80,3.75,,4.75,,,2.25,4.75,
637,45002052,45 - Sở GDĐT Ninh Thuận,2.80,4.00,,4.75,,,2.25,4.75,
638,48031456,48 - Sở GDĐT Đồng Nai,2.80,4.75,,4.75,,,2.25,4.75,
639,43009598,43 - Sở GDĐT Bình Phước,4.00,4.50,,4.75,,,2.25,4.75,
640,43007490,43 - Sở GDĐT Bình Phước,4.20,3.75,,4.75,,,2.25,4.75,
641,49015210,49 - Sở GDĐT Long An,5.00,5.50,,4.75,,,2.25,4.75,
642,48024597,48 - Sở GDĐT Đồng Nai,5.40,5.50,,4.75,,,2.25,4.75,
643,48010514,48 - Sở GDĐT Đồng Nai,3.20,2.25,,5.00,,,2.25,5.00,
644,48024442,48 - Sở GDĐT Đồng Nai,3.60,1.25,,5.00,,,2.25,5.00,
645,48003197,48 - Sở GDĐT Đồng Nai,3.60,3.00,,5.00,,,2.25,5.00,
646,50012452,50 - Sở GDĐT Đồng Tháp,4.60,3.08,,5.00,,,2.25,5.00,
647,48019165,48 - Sở GDĐT Đồng Nai,6.00,3.50,,5.00,,,2.25,5.00,
648,47006089,47 - Sở GDĐT Bình Thuận,2.40,3.75,,5.25,,,2.25,5.25,
649,43007673,43 - Sở GDĐT Bình Phước,3.00,1.50,,5.25,,,2.25,5.25,
650,51000257,51 - Sở GDĐT An Giang,3.00,5.75,,5.25,,,2.25,5.25,
651,43009276,43 - Sở GDĐT Bình Phước,3.60,4.25,,5.25,,,2.25,5.25,
652,48013346,48 - Sở GDĐT Đồng Nai,4.40,3.50,,5.25,,,2.25,5.25,
653,49005600,49 - Sở GDĐT Long An,5.40,5.00,,5.25,,,2.25,5.25,
654,45000903,45 - Sở GDĐT Ninh Thuận,,3.50,,5.50,,,2.25,5.50,
655,49014845,49 - Sở GDĐT Long An,3.20,1.25,,5.50,,,2.25,5.50,
656,48019918,48 - Sở GDĐT Đồng Nai,3.20,5.50,,5.50,,,2.25,5.50,
657,48015559,48 - Sở GDĐT Đồng Nai,4.00,4.00,,5.50,,,2.25,5.50,
658,49001236,49 - Sở GDĐT Long An,4.20,6.50,,5.50,,,2.25,5.50,
659,48030362,48 - Sở GDĐT Đồng Nai,,5.25,,5.75,,,2.25,5.75,
660,46000165,46 - Sở GDĐT Tây Ninh,1.80,4.00,,5.75,,,2.25,5.75,
661,48022409,48 - Sở GDĐT Đồng Nai,2.60,4.25,,5.75,,,2.25,5.75,
662,48024180,48 - Sở GDĐT Đồng Nai,4.60,3.75,,5.75,,,2.25,5.75,
663,43009223,43 - Sở GDĐT Bình Phước,2.40,4.75,,6.00,,,2.25,6.00,
664,48004540,48 - Sở GDĐT Đồng Nai,2.80,3.75,,6.00,,,2.25,6.00,
665,47005240,47 - Sở GDĐT Bình Thuận,3.00,4.00,,6.00,,,2.25,6.00,
666,48007577,48 - Sở GDĐT Đồng Nai,3.40,3.25,,6.00,,,2.25,6.00,
667,48007694,48 - Sở GDĐT Đồng Nai,5.00,6.25,,6.00,,,2.25,6.00,
668,48028079,48 - Sở GDĐT Đồng Nai,5.20,6.50,,6.00,,,2.25,6.00,
669,49014743,49 - Sở GDĐT Long An,4.20,2.50,,6.25,,,2.25,6.25,
670,48009857,48 - Sở GDĐT Đồng Nai,2.40,4.00,,6.50,,,2.25,6.50,
671,48025701,48 - Sở GDĐT Đồng Nai,6.20,6.00,,6.50,,,2.25,6.50,
672,43001316,43 - Sở GDĐT Bình Phước,,4.25,,7.00,,,2.25,7.00,
673,48006410,48 - Sở GDĐT Đồng Nai,3.60,4.75,,7.00,,,2.25,7.00,
674,46000548,46 - Sở GDĐT Tây Ninh,3.60,,,,,,2.50,,
675,51000245,51 - Sở GDĐT An Giang,3.60,5.50,,,,,2.50,,
676,48002859,48 - Sở GDĐT Đồng Nai,4.40,5.50,,,,,2.50,,
677,44002503,44 - Sở GDĐT Bình Dương,6.60,5.50,,,,,2.50,,
678,48021957,48 - Sở GDĐT Đồng Nai,3.00,1.00,,1.75,,,2.50,1.75,
679,48000568,48 - Sở GDĐT Đồng Nai,2.40,4.25,,2.00,,,2.50,2.00,
680,48022850,48 - Sở GDĐT Đồng Nai,2.40,3.75,,2.25,,,2.50,2.25,
681,43008083,43 - Sở GDĐT Bình Phước,2.80,3.25,,2.25,,,2.50,2.25,
682,48011090,48 - Sở GDĐT Đồng Nai,2.60,0.75,,2.75,,,2.50,2.75,
683,43009492,43 - Sở GDĐT Bình Phước,3.40,4.25,,2.75,,,2.50,2.75,
684,47006224,47 - Sở GDĐT Bình Thuận,2.20,3.75,,3.00,,,2.50,3.00,
685,47006227,47 - Sở GDĐT Bình Thuận,2.60,2.00,,3.00,,,2.50,3.00,
686,47000616,47 - Sở GDĐT Bình Thuận,2.80,0.75,,3.00,,,2.50,3.00,
687,47000252,47 - Sở GDĐT Bình Thuận,3.40,1.00,,3.00,,,2.50,3.00,
688,48003323,48 - Sở GDĐT Đồng Nai,3.80,3.00,,3.00,,,2.50,3.00,
689,49001126,49 - Sở GDĐT Long An,2.20,2.00,,3.25,,,2.50,3.25,
690,47001732,47 - Sở GDĐT Bình Thuận,2.20,5.50,,3.25,,,2.50,3.25,
691,43001849,43 - Sở GDĐT Bình Phước,2.40,2.50,,3.25,,,2.50,3.25,
692,48005923,48 - Sở GDĐT Đồng Nai,2.60,5.50,,3.25,,,2.50,3.25,
693,48017420,48 - Sở GDĐT Đồng Nai,3.60,2.25,,3.25,,,2.50,3.25,
694,50005816,50 - Sở GDĐT Đồng Tháp,3.60,5.50,,3.25,,,2.50,3.25,
695,45002027,45 - Sở GDĐT Ninh Thuận,4.00,2.50,,3.25,,,2.50,3.25,
696,47009911,47 - Sở GDĐT Bình Thuận,5.20,5.75,,3.25,,,2.50,3.25,
697,48020401,48 - Sở GDĐT Đồng Nai,2.20,3.25,,3.50,,,2.50,3.50,
698,43004125,43 - Sở GDĐT Bình Phước,2.40,2.50,,3.50,,,2.50,3.50,
699,43001393,43 - Sở GDĐT Bình Phước,3.20,2.50,,3.50,,,2.50,3.50,
700,42011378,42 - Sở GDĐT Lâm Đồng,4.20,2.25,,3.50,,,2.50,3.50,
701,48029586,48 - Sở GDĐT Đồng Nai,1.60,4.50,,3.75,,,2.50,3.75,
702,48030341,48 - Sở GDĐT Đồng Nai,1.80,2.50,,3.75,,,2.50,3.75,
703,48028274,48 - Sở GDĐT Đồng Nai,2.60,1.25,,3.75,,,2.50,3.75,
704,50012794,50 - Sở GDĐT Đồng Tháp,2.80,3.75,,3.75,,,2.50,3.75,
705,47006139,47 - Sở GDĐT Bình Thuận,3.00,1.25,,3.75,,,2.50,3.75,
706,43001133,43 - Sở GDĐT Bình Phước,3.00,2.50,,3.75,,,2.50,3.75,
707,47006454,47 - Sở GDĐT Bình Thuận,3.60,4.50,,3.75,,,2.50,3.75,
708,42011466,42 - Sở GDĐT Lâm Đồng,6.00,5.00,,3.75,,,2.50,3.75,
709,48009307,48 - Sở GDĐT Đồng Nai,1.00,2.75,,4.00,,,2.50,4.00,
710,48024680,48 - Sở GDĐT Đồng Nai,1.80,1.50,,4.00,,,2.50,4.00,
711,43008756,43 - Sở GDĐT Bình Phước,2.00,1.25,,4.00,,,2.50,4.00,
712,48016662,48 - Sở GDĐT Đồng Nai,2.00,3.50,,4.00,,,2.50,4.00,
713,46000578,46 - Sở GDĐT Tây Ninh,2.00,4.25,,4.00,,,2.50,4.00,
714,47000377,47 - Sở GDĐT Bình Thuận,2.20,4.25,,4.00,,,2.50,4.00,
715,43007912,43 - Sở GDĐT Bình Phước,3.00,3.25,,4.00,,,2.50,4.00,
716,45002023,45 - Sở GDĐT Ninh Thuận,3.40,2.00,,4.00,,,2.50,4.00,
717,48015606,48 - Sở GDĐT Đồng Nai,3.40,3.25,,4.00,,,2.50,4.00,
718,46000628,46 - Sở GDĐT Tây Ninh,3.80,3.25,,4.00,,,2.50,4.00,
719,44001448,44 - Sở GDĐT Bình Dương,5.00,2.50,,4.00,,,2.50,4.00,
720,45001699,45 - Sở GDĐT Ninh Thuận,6.20,3.50,,4.00,,,2.50,4.00,
721,46007354,46 - Sở GDĐT Tây Ninh,2.80,3.70,,4.25,,,2.50,4.25,
722,42006780,42 - Sở GDĐT Lâm Đồng,3.00,4.50,,4.25,,,2.50,4.25,
723,48005444,48 - Sở GDĐT Đồng Nai,3.20,3.25,,4.25,,,2.50,4.25,
724,48011452,48 - Sở GDĐT Đồng Nai,3.40,3.75,,4.25,,,2.50,4.25,
725,47006495,47 - Sở GDĐT Bình Thuận,3.80,6.25,,4.25,,,2.50,4.25,
726,49011561,49 - Sở GDĐT Long An,4.00,3.75,,4.25,,,2.50,4.25,
727,48015974,48 - Sở GDĐT Đồng Nai,5.00,3.50,,4.25,,,2.50,4.25,
728,48003134,48 - Sở GDĐT Đồng Nai,1.80,2.00,,4.50,,,2.50,4.50,
729,48021345,48 - Sở GDĐT Đồng Nai,2.40,3.75,,4.50,,,2.50,4.50,
730,48000527,48 - Sở GDĐT Đồng Nai,2.40,4.00,,4.50,,,2.50,4.50,
731,43008015,43 - Sở GDĐT Bình Phước,2.60,1.25,,4.50,,,2.50,4.50,
732,48009405,48 - Sở GDĐT Đồng Nai,2.60,3.25,,4.50,,,2.50,4.50,
733,47000852,47 - Sở GDĐT Bình Thuận,2.60,4.00,,4.50,,,2.50,4.50,
734,48030846,48 - Sở GDĐT Đồng Nai,2.80,1.50,,4.50,,,2.50,4.50,
735,47000104,47 - Sở GDĐT Bình Thuận,3.20,5.25,,4.50,,,2.50,4.50,
736,54004539,54 - Sở GDĐT Kiên Giang,,,,,,,,,
737,55006110,55 - Sở GDĐT Cần Thơ,,,,,,,,,
738,54014107,54 - Sở GDĐT Kiên Giang,,1.25,,,,,,,
739,63000330,63 - Sở GDĐT Đăk Nông,,1.75,,,,,,,
740,52002032,52 - Sở GDĐT Bà Rịa-Vũng Tàu,,2.75,,,,,,,
741,55001038,55 - Sở GDĐT Cần Thơ,,5.00,,,,,,,
742,54008065,54 - Sở GDĐT Kiên Giang,,6.25,,,,,,,
743,54009789,54 - Sở GDĐT Kiên Giang,,7.00,,,,,,,
744,55009195,55 - Sở GDĐT Cần Thơ,,7.00,,,,,,,
745,59002005,59 - Sở GDĐT Sóc Trăng,,7.25,,,,,,,
746,53013762,53 - Sở GDĐT Tiền Giang,,7.75,,,,,,,
747,61000623,61 - Sở GDĐT Cà Mau,,8.00,,,,,,,
748,59009167,59 - Sở GDĐT Sóc Trăng,2.00,4.00,,,,,,,
749,55001286,55 - Sở GDĐT Cần Thơ,3.40,2.75,,,,,,,
750,52009714,52 - Sở GDĐT Bà Rịa-Vũng Tàu,3.60,3.25,,,,,,,
751,52006979,52 - Sở GDĐT Bà Rịa-Vũng Tàu,3.60,3.75,,,,,,,
752,53007332,53 - Sở GDĐT Tiền Giang,3.80,3.75,,,,,,,
753,54008356,54 - Sở GDĐT Kiên Giang,3.80,5.25,,,,,,,
754,53007723,53 - Sở GDĐT Tiền Giang,3.80,5.50,,,,,,,
755,61002514,61 - Sở GDĐT Cà Mau,4.40,,,,,,,,
756,52010287,52 - Sở GDĐT Bà Rịa-Vũng Tàu,4.40,5.00,,,,,,,
757,57002120,57 - Sở GDĐT Vĩnh Long,4.60,6.25,,,,,,,
758,54008651,54 - Sở GDĐT Kiên Giang,5.00,4.25,,,,,,,
759,55009344,55 - Sở GDĐT Cần Thơ,5.00,5.75,,,,,,,
760,62005455,62 - Sở GDĐT Điện Biên,5.00,8.25,,,,,,,
761,55006335,55 - Sở GDĐT Cần Thơ,5.20,6.75,,,,,,,
762,62003944,62 - Sở GDĐT Điện Biên,5.20,7.75,,,,,,,
763,55009835,55 - Sở GDĐT Cần Thơ,5.60,5.00,,,,,,,
764,55006489,55 - Sở GDĐT Cần Thơ,5.80,,,,,,,,
765,53002736,53 - Sở GDĐT Tiền Giang,5.80,6.75,,,,,,,
766,60000349,60 - Sở GDĐT Bạc Liêu,5.80,7.00,,,,,,,
767,62004836,62 - Sở GDĐT Điện Biên,6.20,6.75,,,,,,,
768,62004559,62 - Sở GDĐT Điện Biên,6.20,8.50,,,,,,,
769,62001806,62 - Sở GDĐT Điện Biên,6.40,6.50,,,,,,,
770,53001656,53 - Sở GDĐT Tiền Giang,6.60,8.25,,,,,,,
771,58002789,58 - Sở GDĐT Trà Vinh,6.80,6.75,,,,,,,
772,53002169,53 - Sở GDĐT Tiền Giang,6.80,8.50,,,,,,,
773,61003357,61 - Sở GDĐT Cà Mau,7.00,8.75,,,,,,,
774,53006316,53 - Sở GDĐT Tiền Giang,7.20,,,,,,,,
775,51013541,51 - Sở GDĐT An Giang,7.20,6.50,,,,,,,
776,56010541,56 - Sở GDĐT Bến Tre,7.20,7.00,,,,,,,
777,60002685,60 - Sở GDĐT Bạc Liêu,7.20,7.75,,,,,,,
778,63000063,63 - Sở GDĐT Đăk Nông,7.40,,,,,,,,
779,54003357,54 - Sở GDĐT Kiên Giang,7.40,6.50,,,,,,,
780,59000249,59 - Sở GDĐT Sóc Trăng,7.40,7.25,,,,,,,
781,61003356,61 - Sở GDĐT Cà Mau,7.40,9.00,,,,,,,
782,53008809,53 - Sở GDĐT Tiền Giang,7.60,7.50,,,,,,,
783,55010453,55 - Sở GDĐT Cần Thơ,7.60,7.50,,,,,,,
784,59002045,59 - Sở GDĐT Sóc Trăng,7.80,7.25,,,,,,,
785,58002781,58 - Sở GDĐT Trà Vinh,7.80,7.75,,,,,,,
786,53002801,53 - Sở GDĐT Tiền Giang,7.80,8.00,,,,,,,
787,54013680,54 - Sở GDĐT Kiên Giang,8.00,,,,,,,,
788,55011873,55 - Sở GDĐT Cần Thơ,8.00,5.00,,,,,,,
789,53006621,53 - Sở GDĐT Tiền Giang,8.00,5.75,,,,,,,
790,52000695,52 - Sở GDĐT Bà Rịa-Vũng Tàu,8.00,7.50,,,,,,,
791,52000621,52 - Sở GDĐT Bà Rịa-Vũng Tàu,8.20,6.75,,,,,,,
792,54005303,54 - Sở GDĐT Kiên Giang,8.20,8.00,,,,,,,
793,53006677,53 - Sở GDĐT Tiền Giang,8.20,8.25,,,,,,,
794,59001642,59 - Sở GDĐT Sóc Trăng,8.40,6.00,,,,,,,
795,51013169,51 - Sở GDĐT An Giang,8.40,7.25,,,,,,,
796,56012170,56 - Sở GDĐT Bến Tre,8.60,6.75,,,,,,,
797,55005755,55 - Sở GDĐT Cần Thơ,8.60,7.25,,,,,,,
798,55008885,55 - Sở GDĐT Cần Thơ,8.60,7.50,,,,,,,
799,60004529,60 - Sở GDĐT Bạc Liêu,8.80,8.00,,,,,,,
800,52009253,52 - Sở GDĐT Bà Rịa-Vũng Tàu,9.40,9.00,,,,,,,
801,52009290,52 - Sở GDĐT Bà Rịa-Vũng Tàu,,1.50,,,,,,,
802,55006187,55 - Sở GDĐT Cần Thơ,3.20,2.50,,,,,1.50,,
803,58003046,58 - Sở GDĐT Trà Vinh,7.80,7.25,,,,,10.0,,
804,54009376,54 - Sở GDĐT Kiên Giang,8.20,7.75,,,,,10.0,,
805,61002477,61 - Sở GDĐT Cà Mau,8.40,7.50,,,,,10.0,,
806,55009537,55 - Sở GDĐT Cần Thơ,8.80,8.50,,,,,10.0,,
807,53007629,53 - Sở GDĐT Tiền Giang,2.20,2.25,,,,,2.00,,
808,56003574,56 - Sở GDĐT Bến Tre,3.40,2.00,,,,,2.00,,
809,55009247,55 - Sở GDĐT Cần Thơ,3.60,2.50,,,,,2.00,,
810,62002867,62 - Sở GDĐT Điện Biên,2.40,5.00,,,,,2.50,,
811,54007814,54 - Sở GDĐT Kiên Giang,2.60,1.50,,,,,2.75,,
812,51012899,51 - Sở GDĐT An Giang,3.20,5.00,,,,,2.75,,
813,55006488,55 - Sở GDĐT Cần Thơ,3.40,2.25,,,,,2.75,,
814,55009363,55 - Sở GDĐT Cần Thơ,3.60,4.50,,,,,2.75,,
815,57004846,57 - Sở GDĐT Vĩnh Long,4.00,4.00,,,,,2.75,,
816,56011951,56 - Sở GDĐT Bến Tre,4.00,5.00,,,,,2.75,,
817,61003112,61 - Sở GDĐT Cà Mau,1.60,4.00,,,,,3.00,,
818,53009020,53 - Sở GDĐT Tiền Giang,2.60,5.25,,,,,3.00,,
819,59001870,59 - Sở GDĐT Sóc Trăng,2.80,5.00,,,,,3.00,,
820,53008632,53 - Sở GDĐT Tiền Giang,4.20,5.00,,,,,3.00,,
821,52007318,52 - Sở GDĐT Bà Rịa-Vũng Tàu,4.60,5.25,,,,,3.00,,
822,52004238,52 - Sở GDĐT Bà Rịa-Vũng Tàu,6.00,6.00,,,,,3.00,,
823,60000656,60 - Sở GDĐT Bạc Liêu,2.20,4.75,,,,,3.25,,
824,55009485,55 - Sở GDĐT Cần Thơ,2.40,3.50,,,,,3.50,,
825,58002679,58 - Sở GDĐT Trà Vinh,2.40,4.00,,,,,3.50,,
826,59001615,59 - Sở GDĐT Sóc Trăng,2.80,4.50,,,,,3.50,,
827,53009048,53 - Sở GDĐT Tiền Giang,3.40,3.42,,,,,3.50,,
828,59000169,59 - Sở GDĐT Sóc Trăng,3.40,5.25,,,,,3.50,,
829,52005770,52 - Sở GDĐT Bà Rịa-Vũng Tàu,4.40,7.25,,,,,3.50,,
830,58002388,58 - Sở GDĐT Trà Vinh,2.20,3.50,,,,,3.75,,
831,58002950,58 - Sở GDĐT Trà Vinh,2.40,3.25,,,,,3.75,,
832,57000199,57 - Sở GDĐT Vĩnh Long,3.00,3.25,,,,,3.75,,
833,61002918,61 - Sở GDĐT Cà Mau,3.40,4.75,,,,,3.75,,
834,59009996,59 - Sở GDĐT Sóc Trăng,3.40,5.25,,,,,3.75,,
835,54010783,54 - Sở GDĐT Kiên Giang,4.00,4.50,,,,,3.75,,
836,54006816,54 - Sở GDĐT Kiên Giang,5.40,4.50,,,,,3.75,,
837,62002647,62 - Sở GDĐT Điện Biên,1.80,4.00,,,,,4.00,,
838,57002765,57 - Sở GDĐT Vĩnh Long,2.60,4.75,,,,,4.00,,
839,54008149,54 - Sở GDĐT Kiên Giang,3.00,3.25,,,,,4.00,,
840,55006482,55 - Sở GDĐT Cần Thơ,3.00,5.50,,,,,4.00,,
841,54007226,54 - Sở GDĐT Kiên Giang,3.40,2.00,,,,,4.00,,
842,58002439,58 - Sở GDĐT Trà Vinh,3.60,5.50,,,,,4.00,,
843,59000213,59 - Sở GDĐT Sóc Trăng,4.60,5.00,,,,,4.00,,
844,59001621,59 - Sở GDĐT Sóc Trăng,5.20,4.50,,,,,4.00,,
845,54000898,54 - Sở GDĐT Kiên Giang,6.00,6.50,,,,,4.00,,
846,57004546,57 - Sở GDĐT Vĩnh Long,2.80,3.75,,,,,4.25,,
847,55011691,55 - Sở GDĐT Cần Thơ,2.80,6.00,,,,,4.25,,
848,57008118,57 - Sở GDĐT Vĩnh Long,3.60,2.00,,,,,4.25,,
849,59000428,59 - Sở GDĐT Sóc Trăng,4.40,4.50,,,,,4.25,,
850,59001718,59 - Sở GDĐT Sóc Trăng,4.80,5.83,,,,,4.25,,
851,51008534,51 - Sở GDĐT An Giang,6.20,5.50,,,,,4.25,,
852,54003027,54 - Sở GDĐT Kiên Giang,1.80,5.25,,,,,4.50,,
853,53008585,53 - Sở GDĐT Tiền Giang,3.40,6.50,,,,,4.50,,
854,59000856,59 - Sở GDĐT Sóc Trăng,3.60,4.75,,,,,4.50,,
855,55009524,55 - Sở GDĐT Cần Thơ,4.40,,,,,,4.50,,
856,52003784,52 - Sở GDĐT Bà Rịa-Vũng Tàu,6.20,6.00,,,,,4.50,,
857,61002908,61 - Sở GDĐT Cà Mau,7.00,5.00,,,,,4.50,,
858,60004129,60 - Sở GDĐT Bạc Liêu,2.40,4.25,,,,,4.75,,
859,57001573,57 - Sở GDĐT Vĩnh Long,2.80,3.75,,,,,4.75,,
860,55010547,55 - Sở GDĐT Cần Thơ,2.80,4.25,,,,,4.75,,
861,57001727,57 - Sở GDĐT Vĩnh Long,3.20,4.50,,,,,4.75,,
862,59000898,59 - Sở GDĐT Sóc Trăng,3.20,5.00,,,,,4.75,,
863,63000409,63 - Sở GDĐT Đăk Nông,3.80,3.50,,,,,4.75,,
864,54013580,54 - Sở GDĐT Kiên Giang,4.20,5.50,,,,,4.75,,
865,51012881,51 - Sở GDĐT An Giang,4.60,2.50,,,,,4.75,,
866,58002986,58 - Sở GDĐT Trà Vinh,4.80,5.75,,,,,4.75,,
867,59001758,59 - Sở GDĐT Sóc Trăng,5.20,7.50,,,,,4.75,,
868,62004618,62 - Sở GDĐT Điện Biên,5.80,6.50,,,,,4.75,,
869,54007945,54 - Sở GDĐT Kiên Giang,0.80,5.00,,,,,5.00,,
870,55011776,55 - Sở GDĐT Cần Thơ,1.60,3.50,,,,,5.00,,
871,52011109,52 - Sở GDĐT Bà Rịa-Vũng Tàu,3.00,5.75,,,,,5.00,,
872,54002904,54 - Sở GDĐT Kiên Giang,3.80,3.50,,,,,5.00,,
873,59001892,59 - Sở GDĐT Sóc Trăng,4.60,6.00,,,,,5.00,,
874,53009053,53 - Sở GDĐT Tiền Giang,5.00,6.25,,,,,5.00,,
875,60003955,60 - Sở GDĐT Bạc Liêu,6.00,5.50,,,,,5.00,,
876,56007456,56 - Sở GDĐT Bến Tre,,,,,,,5.25,,
877,55009683,55 - Sở GDĐT Cần Thơ,,4.50,,,,,5.25,,
878,53009069,53 - Sở GDĐT Tiền Giang,2.00,4.50,,,,,5.25,,
879,60002640,60 - Sở GDĐT Bạc Liêu,3.20,5.00,,,,,5.25,,
880,55010344,55 - Sở GDĐT Cần Thơ,3.20,5.75,,,,,5.25,,
881,59000507,59 - Sở GDĐT Sóc Trăng,4.20,6.25,,,,,5.25,,
882,59001756,59 - Sở GDĐT Sóc Trăng,4.40,4.00,,,,,5.25,,
883,62000055,62 - Sở GDĐT Điện Biên,4.40,5.75,,,,,5.25,,
884,57007945,57 - Sở GDĐT Vĩnh Long,5.40,4.00,,,,,5.25,,
885,55006281,55 - Sở GDĐT Cần Thơ,2.80,3.75,,,,,5.50,,
886,53008889,53 - Sở GDĐT Tiền Giang,3.20,4.25,,,,,5.50,,
887,58002705,58 - Sở GDĐT Trà Vinh,3.40,4.50,,,,,5.50,,
888,58003169,58 - Sở GDĐT Trà Vinh,4.20,3.50,,,,,5.50,,
889,57001173,57 - Sở GDĐT Vĩnh Long,4.40,6.00,,,,,5.50,,
890,62001376,62 - Sở GDĐT Điện Biên,6.00,5.25,,,,,5.50,,
891,58002851,58 - Sở GDĐT Trà Vinh,3.00,4.25,,,,,5.75,,
892,54008091,54 - Sở GDĐT Kiên Giang,4.00,3.25,,,,,5.75,,
893,57001868,57 - Sở GDĐT Vĩnh Long,4.40,4.50,,,,,5.75,,
894,53008910,53 - Sở GDĐT Tiền Giang,4.40,5.50,,,,,5.75,,
895,59001496,59 - Sở GDĐT Sóc Trăng,4.60,5.00,,,,,5.75,,
896,55009463,55 - Sở GDĐT Cần Thơ,4.80,5.25,,,,,5.75,,
897,53008980,53 - Sở GDĐT Tiền Giang,4.80,5.50,,,,,5.75,,
898,57001095,57 - Sở GDĐT Vĩnh Long,6.80,5.00,,,,,5.75,,
899,61003110,61 - Sở GDĐT Cà Mau,7.20,5.25,,,,,5.75,,
900,59000046,59 - Sở GDĐT Sóc Trăng,7.20,5.50,,,,,5.75,,
901,57002396,57 - Sở GDĐT Vĩnh Long,2.60,3.75,,,,,6.00,,
902,55005987,55 - Sở GDĐT Cần Thơ,3.60,5.50,,,,,6.00,,
903,52011152,52 - Sở GDĐT Bà Rịa-Vũng Tàu,5.20,4.50,,,,,6.00,,
904,55005770,55 - Sở GDĐT Cần Thơ,5.40,5.50,,,,,6.00,,
905,58003077,58 - Sở GDĐT Trà Vinh,5.40,6.00,,,,,6.00,,
906,62004860,62 - Sở GDĐT Điện Biên,5.80,5.00,,,,,6.00,,
907,60000909,60 - Sở GDĐT Bạc Liêu,6.00,5.00,,,,,6.00,,
908,53008666,53 - Sở GDĐT Tiền Giang,6.20,6.00,,,,,6.00,,
909,59001460,59 - Sở GDĐT Sóc Trăng,7.20,5.00,,,,,6.00,,
910,53008872,53 - Sở GDĐT Tiền Giang,2.80,7.00,,,,,6.25,,
911,52011009,52 - Sở GDĐT Bà Rịa-Vũng Tàu,3.00,4.00,,,,,6.25,,
912,55006422,55 - Sở GDĐT Cần Thơ,3.00,4.75,,,,,6.25,,
913,59001954,59 - Sở GDĐT Sóc Trăng,3.20,6.00,,,,,6.25,,
914,62006178,62 - Sở GDĐT Điện Biên,3.60,4.75,,,,,6.25,,
915,59000306,59 - Sở GDĐT Sóc Trăng,4.00,6.25,,,,,6.25,,
916,54013710,54 - Sở GDĐT Kiên Giang,4.60,4.00,,,,,6.25,,
917,57001520,57 - Sở GDĐT Vĩnh Long,5.40,5.00,,,,,6.25,,
918,62005046,62 - Sở GDĐT Điện Biên,6.00,8.50,,,,,6.25,,
919,58003053,58 - Sở GDĐT Trà Vinh,6.40,3.75,,,,,6.25,,
920,52007825,52 - Sở GDĐT Bà Rịa-Vũng Tàu,6.40,6.50,,,,,6.25,,
921,53008760,53 - Sở GDĐT Tiền Giang,6.60,6.50,,,,,6.25,,
922,55011774,55 - Sở GDĐT Cần Thơ,2.80,5.00,,,,,6.50,,
923,59002635,59 - Sở GDĐT Sóc Trăng,3.20,,,,,,6.50,,
924,60004045,60 - Sở GDĐT Bạc Liêu,4.60,6.25,,,,,6.50,,
925,51017248,51 - Sở GDĐT An Giang,6.20,6.00,,,,,6.50,,
926,59000273,59 - Sở GDĐT Sóc Trăng,6.60,6.50,,,,,6.50,,
927,53009017,53 - Sở GDĐT Tiền Giang,6.80,6.25,,,,,6.50,,
928,55006135,55 - Sở GDĐT Cần Thơ,7.80,6.00,,,,,6.50,,
929,58002936,58 - Sở GDĐT Trà Vinh,7.80,6.25,,,,,6.50,,
930,53009078,53 - Sở GDĐT Tiền Giang,7.80,7.25,,,,,6.50,,
931,57001527,57 - Sở GDĐT Vĩnh Long,4.80,5.00,,,,,6.75,,
932,54003352,54 - Sở GDĐT Kiên Giang,5.60,7.75,,,,,6.75,,
933,61003392,61 - Sở GDĐT Cà Mau,5.80,6.50,,,,,6.75,,
934,53009061,53 - Sở GDĐT Tiền Giang,5.80,7.25,,,,,6.75,,
935,55011693,55 - Sở GDĐT Cần Thơ,6.40,6.00,,,,,6.75,,
936,55008765,55 - Sở GDĐT Cần Thơ,6.80,6.50,,,,,6.75,,
937,60004368,60 - Sở GDĐT Bạc Liêu,7.00,6.25,,,,,6.75,,
938,53008725,53 - Sở GDĐT Tiền Giang,7.40,6.50,,,,,6.75,,
939,55010402,55 - Sở GDĐT Cần Thơ,7.60,7.50,,,,,6.75,,
940,55010596,55 - Sở GDĐT Cần Thơ,1.60,5.00,,,,,7.00,,
941,54002849,54 - Sở GDĐT Kiên Giang,3.60,4.00,,,,,7.00,,
942,59001641,59 - Sở GDĐT Sóc Trăng,3.80,4.50,,,,,7.00,,
943,52005725,52 - Sở GDĐT Bà Rịa-Vũng Tàu,4.60,7.25,,,,,7.00,,
944,54007001,54 - Sở GDĐT Kiên Giang,5.60,5.50,,,,,7.00,,
945,55010304,55 - Sở GDĐT Cần Thơ,6.00,7.00,,,,,7.00,,
946,53008616,53 - Sở GDĐT Tiền Giang,6.20,7.75,,,,,7.00,,
947,54003127,54 - Sở GDĐT Kiên Giang,6.40,5.75,,,,,7.00,,
948,54006627,54 - Sở GDĐT Kiên Giang,6.80,5.25,,,,,7.00,,
949,56010945,56 - Sở GDĐT Bến Tre,6.80,6.00,,,,,7.00,,
950,58002307,58 - Sở GDĐT Trà Vinh,6.80,6.00,,,,,7.00,,
951,61002900,61 - Sở GDĐT Cà Mau,6.80,6.00,,,,,7.00,,
952,63000370,63 - Sở GDĐT Đăk Nông,7.00,7.00,,,,,7.00,,
953,55011929,55 - Sở GDĐT Cần Thơ,8.00,7.00,,,,,7.00,,
954,55006144,55 - Sở GDĐT Cần Thơ,5.80,4.75,,,,,7.25,,
955,55012100,55 - Sở GDĐT Cần Thơ,5.80,6.00,,,,,7.25,,
956,57001212,57 - Sở GDĐT Vĩnh Long,6.20,4.25,,,,,7.25,,
957,62004801,62 - Sở GDĐT Điện Biên,6.20,5.00,,,,,7.25,,
958,55006250,55 - Sở GDĐT Cần Thơ,6.20,7.75,,,,,7.25,,
959,59000322,59 - Sở GDĐT Sóc Trăng,6.40,7.25,,,,,7.25,,
960,54001315,54 - Sở GDĐT Kiên Giang,6.60,5.75,,,,,7.25,,
961,62001667,62 - Sở GDĐT Điện Biên,6.80,6.25,,,,,7.25,,
962,55012137,55 - Sở GDĐT Cần Thơ,7.00,6.00,,,,,7.25,,
963,59000354,59 - Sở GDĐT Sóc Trăng,7.40,7.50,,,,,7.25,,
964,54013607,54 - Sở GDĐT Kiên Giang,5.00,7.00,,,,,7.50,,
965,58002734,58 - Sở GDĐT Trà Vinh,5.40,5.75,,,,,7.50,,
966,54007115,54 - Sở GDĐT Kiên Giang,5.80,5.75,,,,,7.50,,
967,54007784,54 - Sở GDĐT Kiên Giang,6.00,6.00,,,,,7.50,,
968,57001292,57 - Sở GDĐT Vĩnh Long,6.40,5.75,,,,,7.50,,
969,56010683,56 - Sở GDĐT Bến Tre,6.60,6.25,,,,,7.50,,
970,58002961,58 - Sở GDĐT Trà Vinh,6.80,6.25,,,,,7.50,,
971,55011752,55 - Sở GDĐT Cần Thơ,7.00,6.75,,,,,7.50,,
972,53008735,53 - Sở GDĐT Tiền Giang,7.00,7.50,,,,,7.50,,
973,59001808,59 - Sở GDĐT Sóc Trăng,7.00,7.50,,,,,7.50,,
974,62004432,62 - Sở GDĐT Điện Biên,7.00,7.75,,,,,7.50,,
975,53008784,53 - Sở GDĐT Tiền Giang,7.20,7.75,,,,,7.50,,
976,62001547,62 - Sở GDĐT Điện Biên,7.40,6.50,,,,,7.50,,
977,55010513,55 - Sở GDĐT Cần Thơ,7.40,7.00,,,,,7.50,,
978,61002467,61 - Sở GDĐT Cà Mau,8.00,6.50,,,,,7.50,,
979,55006513,55 - Sở GDĐT Cần Thơ,8.00,6.75,,,,,7.50,,
980,57001154,57 - Sở GDĐT Vĩnh Long,8.00,8.00,,,,,7.50,,
981,53001534,53 - Sở GDĐT Tiền Giang,8.20,6.50,,,,,7.50,,
982,60004365,60 - Sở GDĐT Bạc Liêu,8.20,7.50,,,,,7.50,,
983,58002952,58 - Sở GDĐT Trà Vinh,4.40,6.50,,,,,7.75,,
984,54010425,54 - Sở GDĐT Kiên Giang,5.60,4.00,,,,,7.75,,
985,52004149,52 - Sở GDĐT Bà Rịa-Vũng Tàu,5.60,6.00,,,,,7.75,,
986,62004889,62 - Sở GDĐT Điện Biên,6.00,6.50,,,,,7.75,,
987,53008713,53 - Sở GDĐT Tiền Giang,6.60,8.25,,,,,7.75,,
988,53008623,53 - Sở GDĐT Tiền Giang,7.20,5.75,,,,,7.75,,
989,62001156,62 - Sở GDĐT Điện Biên,7.20,6.75,,,,,7.75,,
990,59001543,59 - Sở GDĐT Sóc Trăng,7.40,5.75,,,,,7.75,,
991,53008785,53 - Sở GDĐT Tiền Giang,7.80,6.00,,,,,7.75,,
992,59000003,59 - Sở GDĐT Sóc Trăng,7.80,6.75,,,,,7.75,,
993,59000153,59 - Sở GDĐT Sóc Trăng,7.80,8.25,,,,,7.75,,
994,59000363,59 - Sở GDĐT Sóc Trăng,4.00,4.00,,,,,8.00,,
995,55009045,55 - Sở GDĐT Cần Thơ,6.40,9.00,,,,,8.00,,
996,61003323,61 - Sở GDĐT Cà Mau,6.60,5.00,,,,,8.00,,
997,62001721,62 - Sở GDĐT Điện Biên,6.60,7.50,,,,,8.00,,
998,63000367,63 - Sở GDĐT Đăk Nông,6.80,6.50,,,,,8.00,,
999,62004479,62 - Sở GDĐT Điện Biên,6.80,8.00,,,,,8.00,,
